name,college,url
"Natural Resources and Environmental Science: Climate and Energy Solutions Concentration, BS",College of Agriculture (Undergraduate),https://catalog.purdue.edu/preview_program.php?catoid=17&poid=29657&returnto=22229
"Natural Resources and Environmental Science: Emerging Environmental Challenges Concentration, BS",College of Agriculture (Undergraduate),https://catalog.purdue.edu/preview_program.php?catoid=17&poid=29658&returnto=22229
"Natural Resources and Environmental Science: Environmental Policy and Analysis Concentration, BS",College of Agriculture (Undergraduate),https://catalog.purdue.edu/preview_program.php?catoid=17&poid=29659&returnto=22229
"Natural Resources and Environmental Science: Environmental Quality And Restoration Concentration, BS",College of Agriculture (Undergraduate),https://catalog.purdue.edu/preview_program.php?catoid=17&poid=29661&returnto=22229
"Natural Resources and Environmental Science: Sustainability Science Concentration, BS",College of Agriculture (Undergraduate),https://catalog.purdue.edu/preview_program.php?catoid=17&poid=30982&returnto=22229
"Natural Resources and Environmental Science: Watershed Management Concentration, BS",College of Agriculture (Undergraduate),https://catalog.purdue.edu/preview_program.php?catoid=17&poid=29660&returnto=22229
Deans Scholar Certificate,College of Agriculture (Undergraduate),https://catalog.purdue.edu/preview_program.php?catoid=17&poid=29924&returnto=22229
Leadership Development Program Certificate,College of Agriculture (Undergraduate),https://catalog.purdue.edu/preview_program.php?catoid=17&poid=31940&returnto=22229
Data Driven Agriculture Minor,College of Agriculture (Undergraduate),https://catalog.purdue.edu/preview_program.php?catoid=17&poid=30908&returnto=22229
International Studies in Agriculture Minor,College of Agriculture (Undergraduate),https://catalog.purdue.edu/preview_program.php?catoid=17&poid=29655&returnto=22229
Natural Resources and Environmental Science Minor,College of Agriculture (Undergraduate),https://catalog.purdue.edu/preview_program.php?catoid=17&poid=31874&returnto=22229
Plant Studies - Exploratory (Pre),College of Agriculture (Undergraduate),https://catalog.purdue.edu/preview_program.php?catoid=17&poid=30410&returnto=22229
Pre-Veterinary Medicine,College of Agriculture (Undergraduate),https://catalog.purdue.edu/preview_program.php?catoid=17&poid=30144&returnto=22229
"Agricultural Systems Management, BS",College of Agriculture (Undergraduate),https://catalog.purdue.edu/preview_program.php?catoid=17&poid=29663&returnto=22229
"Agricultural Systems Management: AgroSecurity, BS",College of Agriculture (Undergraduate),https://catalog.purdue.edu/preview_program.php?catoid=17&poid=30418&returnto=22229
"Agricultural Systems Management: Data and Information Systems, BS",College of Agriculture (Undergraduate),https://catalog.purdue.edu/preview_program.php?catoid=17&poid=30406&returnto=22229
"Agricultural Systems Management: Leadership and Management, BS",College of Agriculture (Undergraduate),https://catalog.purdue.edu/preview_program.php?catoid=17&poid=30407&returnto=22229
"Agricultural Engineering, BSAGE",College of Agriculture (Undergraduate),https://catalog.purdue.edu/preview_program.php?catoid=17&poid=29723&returnto=22229
"Environmental and Natural Resources Engineering, BSAGE",College of Agriculture (Undergraduate),https://catalog.purdue.edu/preview_program.php?catoid=17&poid=29724&returnto=22229
"Biological Engineering, BSBE",College of Agriculture (Undergraduate),https://catalog.purdue.edu/preview_program.php?catoid=17&poid=30435&returnto=22229
Agricultural Systems Management Minor,College of Agriculture (Undergraduate),https://catalog.purdue.edu/preview_program.php?catoid=17&poid=29662&returnto=22229
Pre-Agricultural and Biological Engineering,College of Agriculture (Undergraduate),https://catalog.purdue.edu/preview_program.php?catoid=17&poid=30220&returnto=22229
"Agribusiness: Agribusiness Management Concentration, BS",College of Agriculture (Undergraduate),https://catalog.purdue.edu/preview_program.php?catoid=17&poid=29665&returnto=22229
"Agribusiness: Agricultural Finance Concentration, BS",College of Agriculture (Undergraduate),https://catalog.purdue.edu/preview_program.php?catoid=17&poid=29667&returnto=22229
"Agribusiness: Agricultural Marketing Concentration, BS",College of Agriculture (Undergraduate),https://catalog.purdue.edu/preview_program.php?catoid=17&poid=29666&returnto=22229
"Agribusiness: Commodity Marketing Concentration, BS",College of Agriculture (Undergraduate),https://catalog.purdue.edu/preview_program.php?catoid=17&poid=29668&returnto=22229
"Agribusiness: Food Marketing Concentration, BS",College of Agriculture (Undergraduate),https://catalog.purdue.edu/preview_program.php?catoid=17&poid=29669&returnto=22229
"Agricultural Economics: Applied Agricultural Economics Concentration, BS",College of Agriculture (Undergraduate),https://catalog.purdue.edu/preview_program.php?catoid=17&poid=29671&returnto=22229
"Agricultural Economics: Data Analytics Concentration, BS",College of Agriculture (Undergraduate),https://catalog.purdue.edu/preview_program.php?catoid=17&poid=31099&returnto=22229
"Agricultural Economics: Policy and Pre-Law Concentration, BS",College of Agriculture (Undergraduate),https://catalog.purdue.edu/preview_program.php?catoid=17&poid=31100&returnto=22229
"Farm Management, BS",College of Agriculture (Undergraduate),https://catalog.purdue.edu/preview_program.php?catoid=17&poid=29672&returnto=22229
"Sales and Marketing, BS",College of Agriculture (Undergraduate),https://catalog.purdue.edu/preview_program.php?catoid=17&poid=29673&returnto=22229
Industrial Selling Certificate,College of Agriculture (Undergraduate),https://catalog.purdue.edu/preview_program.php?catoid=17&poid=30253&returnto=22229
Farm Management Minor,College of Agriculture (Undergraduate),https://catalog.purdue.edu/preview_program.php?catoid=17&poid=29664&returnto=22229
Food and Agribusiness Management Minor,College of Agriculture (Undergraduate),https://catalog.purdue.edu/preview_program.php?catoid=17&poid=29699&returnto=22229
Global Food and Agriculture Systems Minor,College of Agriculture (Undergraduate),https://catalog.purdue.edu/preview_program.php?catoid=17&poid=30408&returnto=22229
"Agricultural Communication, BS",College of Agriculture (Undergraduate),https://catalog.purdue.edu/preview_program.php?catoid=17&poid=29654&returnto=22229
"Agricultural Education, BS",College of Agriculture (Undergraduate),https://catalog.purdue.edu/preview_program.php?catoid=17&poid=29656&returnto=22229
"Agronomy: Agronomic Business and Marketing Concentration, BS",College of Agriculture (Undergraduate),https://catalog.purdue.edu/preview_program.php?catoid=17&poid=29676&returnto=22229
"Agronomy: Crop and Soil Management Concentration, BS",College of Agriculture (Undergraduate),https://catalog.purdue.edu/preview_program.php?catoid=17&poid=29677&returnto=22229
"Agronomy: International Agronomy Concentration, BS",College of Agriculture (Undergraduate),https://catalog.purdue.edu/preview_program.php?catoid=17&poid=29678&returnto=22229
"Applied Meteorology and Climatology, BS",College of Agriculture (Undergraduate),https://catalog.purdue.edu/preview_program.php?catoid=17&poid=29679&returnto=22229
"Crop Science, BS",College of Agriculture (Undergraduate),https://catalog.purdue.edu/preview_program.php?catoid=17&poid=29680&returnto=22229
"Digital Agronomy, BS",College of Agriculture (Undergraduate),https://catalog.purdue.edu/preview_program.php?catoid=17&poid=31769&returnto=22229
"Plant Genetics, Breeding, and Biotechnology, BS",College of Agriculture (Undergraduate),https://catalog.purdue.edu/preview_program.php?catoid=17&poid=29681&returnto=22229
"Soil and Water Sciences, BS",College of Agriculture (Undergraduate),https://catalog.purdue.edu/preview_program.php?catoid=17&poid=29682&returnto=22229
Crop Science Minor,College of Agriculture (Undergraduate),https://catalog.purdue.edu/preview_program.php?catoid=17&poid=29674&returnto=22229
Soil Science Minor,College of Agriculture (Undergraduate),https://catalog.purdue.edu/preview_program.php?catoid=17&poid=29675&returnto=22229
"Animal Sciences: Animal Agribusiness Concentration, BS",College of Agriculture (Undergraduate),https://catalog.purdue.edu/preview_program.php?catoid=17&poid=29685&returnto=22229
"Animal Sciences: Animal Production and Industry Concentration, BS",College of Agriculture (Undergraduate),https://catalog.purdue.edu/preview_program.php?catoid=17&poid=30984&returnto=22229
"Animal Sciences: Behavior/Well-Being Concentration, BS",College of Agriculture (Undergraduate),https://catalog.purdue.edu/preview_program.php?catoid=17&poid=29686&returnto=22229
"Animal Sciences: Biosciences Concentration, BS",College of Agriculture (Undergraduate),https://catalog.purdue.edu/preview_program.php?catoid=17&poid=29687&returnto=22229
"Animal Sciences: Pre-Veterinary Medicine Concentration, BS",College of Agriculture (Undergraduate),https://catalog.purdue.edu/preview_program.php?catoid=17&poid=29688&returnto=22229
Animal Science Minor,College of Agriculture (Undergraduate),https://catalog.purdue.edu/preview_program.php?catoid=17&poid=29684&returnto=22229
"Biochemistry, BS",College of Agriculture (Undergraduate),https://catalog.purdue.edu/preview_program.php?catoid=17&poid=29692&returnto=22229
"Biochemistry: Pre-Med Concentration, BS",College of Agriculture (Undergraduate),https://catalog.purdue.edu/preview_program.php?catoid=17&poid=29690&returnto=22229
"Biochemistry: Pre-Vet Concentration, BS",College of Agriculture (Undergraduate),https://catalog.purdue.edu/preview_program.php?catoid=17&poid=29691&returnto=22229
Biochemistry Minor,College of Agriculture (Undergraduate),https://catalog.purdue.edu/preview_program.php?catoid=17&poid=29689&returnto=22229
Bioinformatics Minor,College of Agriculture (Undergraduate),https://catalog.purdue.edu/preview_program.php?catoid=17&poid=30912&returnto=22229
"Plant Science, BS",College of Agriculture (Undergraduate),https://catalog.purdue.edu/preview_program.php?catoid=17&poid=29696&returnto=22229
Plant Biology Minor,College of Agriculture (Undergraduate),https://catalog.purdue.edu/preview_program.php?catoid=17&poid=29693&returnto=22229
Plant Pathology Minor,College of Agriculture (Undergraduate),https://catalog.purdue.edu/preview_program.php?catoid=17&poid=29694&returnto=22229
Weed Science Minor,College of Agriculture (Undergraduate),https://catalog.purdue.edu/preview_program.php?catoid=17&poid=29695&returnto=22229
"Insect Biology, BS",College of Agriculture (Undergraduate),https://catalog.purdue.edu/preview_program.php?catoid=17&poid=29698&returnto=22229
Forensic Sciences Minor,College of Agriculture (Undergraduate),https://catalog.purdue.edu/preview_program.php?catoid=17&poid=31871&returnto=22229
Insect Biology Minor,College of Agriculture (Undergraduate),https://catalog.purdue.edu/preview_program.php?catoid=17&poid=31872&returnto=22229
"Fermentation Science, BS",College of Agriculture (Undergraduate),https://catalog.purdue.edu/preview_program.php?catoid=17&poid=31088&returnto=22229
"Food Science, BS",College of Agriculture (Undergraduate),https://catalog.purdue.edu/preview_program.php?catoid=17&poid=29702&returnto=22229
Fermentation Sciences Minor,College of Agriculture (Undergraduate),https://catalog.purdue.edu/preview_program.php?catoid=17&poid=30409&returnto=22229
Food Science Minor,College of Agriculture (Undergraduate),https://catalog.purdue.edu/preview_program.php?catoid=17&poid=29700&returnto=22229
Pet Food Processing Minor,College of Agriculture (Undergraduate),https://catalog.purdue.edu/preview_program.php?catoid=17&poid=29701&returnto=22229
"Aquatic Sciences: Fisheries Concentration, BS",College of Agriculture (Undergraduate),https://catalog.purdue.edu/preview_program.php?catoid=17&poid=30411&returnto=22229
"Aquatic Sciences: Marine and Freshwater Biology Concentration, BS",College of Agriculture (Undergraduate),https://catalog.purdue.edu/preview_program.php?catoid=17&poid=30412&returnto=22229
"Wildlife, BS",College of Agriculture (Undergraduate),https://catalog.purdue.edu/preview_program.php?catoid=17&poid=29709&returnto=22229
"Forestry: Forest Management Concentration, BSFOR",College of Agriculture (Undergraduate),https://catalog.purdue.edu/preview_program.php?catoid=17&poid=30525&returnto=22229
"Forestry: Forest Science Concentration, BSFOR",College of Agriculture (Undergraduate),https://catalog.purdue.edu/preview_program.php?catoid=17&poid=30523&returnto=22229
"Forestry: Sustainable Biomaterials Concentration, BSFOR",College of Agriculture (Undergraduate),https://catalog.purdue.edu/preview_program.php?catoid=17&poid=30524&returnto=22229
"Forestry: Urban Forestry, BSFOR",College of Agriculture (Undergraduate),https://catalog.purdue.edu/preview_program.php?catoid=17&poid=30526&returnto=22229
Aquatic Sciences Minor,College of Agriculture (Undergraduate),https://catalog.purdue.edu/preview_program.php?catoid=17&poid=30904&returnto=22229
Digital Natural Resources Minor,College of Agriculture (Undergraduate),https://catalog.purdue.edu/preview_program.php?catoid=17&poid=31236&returnto=22229
Forest Ecosystems Minor,College of Agriculture (Undergraduate),https://catalog.purdue.edu/preview_program.php?catoid=17&poid=30145&returnto=22229
Furniture Design Minor,College of Agriculture (Undergraduate),https://catalog.purdue.edu/preview_program.php?catoid=17&poid=29703&returnto=22229
Urban Forestry Minor,College of Agriculture (Undergraduate),https://catalog.purdue.edu/preview_program.php?catoid=17&poid=29706&returnto=22229
Wildlife Science Minor,College of Agriculture (Undergraduate),https://catalog.purdue.edu/preview_program.php?catoid=17&poid=29707&returnto=22229
Wood Products Manufacturing Technology Minor,College of Agriculture (Undergraduate),https://catalog.purdue.edu/preview_program.php?catoid=17&poid=29708&returnto=22229
"Horticulture: Horticultural Production and Marketing Concentration, BS",College of Agriculture (Undergraduate),https://catalog.purdue.edu/preview_program.php?catoid=17&poid=29711&returnto=22229
"Horticulture: Landscape Contracting and Management Concentration, BS",College of Agriculture (Undergraduate),https://catalog.purdue.edu/preview_program.php?catoid=17&poid=30427&returnto=22229
"Horticulture: Landscape Design Concentration, BS",College of Agriculture (Undergraduate),https://catalog.purdue.edu/preview_program.php?catoid=17&poid=30413&returnto=22229
"Horticulture: Landscape Enterprise Management Concentration, BS",College of Agriculture (Undergraduate),https://catalog.purdue.edu/preview_program.php?catoid=17&poid=29712&returnto=22229
"Horticulture: Plant Science Concentration, BS",College of Agriculture (Undergraduate),https://catalog.purdue.edu/preview_program.php?catoid=17&poid=29713&returnto=22229
"Horticulture: Public Horticulture Concentration, BS",College of Agriculture (Undergraduate),https://catalog.purdue.edu/preview_program.php?catoid=17&poid=29714&returnto=22229
"Sustainable Food and Farming Systems, BS",College of Agriculture (Undergraduate),https://catalog.purdue.edu/preview_program.php?catoid=17&poid=29716&returnto=22229
"Turf Management and Science, BS",College of Agriculture (Undergraduate),https://catalog.purdue.edu/preview_program.php?catoid=17&poid=29683&returnto=22229
"Landscape Architecture, BSLA",College of Agriculture (Undergraduate),https://catalog.purdue.edu/preview_program.php?catoid=17&poid=29715&returnto=22229
Landscape Management and Turf Management Certificate,College of Agriculture (Undergraduate),https://catalog.purdue.edu/preview_program.php?catoid=17&poid=30252&returnto=22229
Horticulture Minor,College of Agriculture (Undergraduate),https://catalog.purdue.edu/preview_program.php?catoid=17&poid=29710&returnto=22229
Landscape and Turf Minor,College of Agriculture (Undergraduate),https://catalog.purdue.edu/preview_program.php?catoid=17&poid=30167&returnto=22229
Landscape Management Minor,College of Agriculture (Undergraduate),https://catalog.purdue.edu/preview_program.php?catoid=17&poid=31945&returnto=22229
Sustainable Food and Farming Systems Minor,College of Agriculture (Undergraduate),https://catalog.purdue.edu/preview_program.php?catoid=17&poid=30930&returnto=22229
Turf Management Minor,College of Agriculture (Undergraduate),https://catalog.purdue.edu/preview_program.php?catoid=17&poid=30169&returnto=22229
Pre-Landscape Architecture,College of Agriculture (Undergraduate),https://catalog.purdue.edu/preview_program.php?catoid=17&poid=30219&returnto=22229
"Accounting, BS",Mitch Daniels School of Business,https://catalog.purdue.edu/preview_program.php?catoid=17&poid=29759&returnto=22229
"Business Analytics & Information Management, BS",Mitch Daniels School of Business,https://catalog.purdue.edu/preview_program.php?catoid=17&poid=30494&returnto=22229
"Economics, BS",Mitch Daniels School of Business,https://catalog.purdue.edu/preview_program.php?catoid=17&poid=29761&returnto=22229
"Finance, BS",Mitch Daniels School of Business,https://catalog.purdue.edu/preview_program.php?catoid=17&poid=29758&returnto=22229
"General Management, BS",Mitch Daniels School of Business,https://catalog.purdue.edu/preview_program.php?catoid=17&poid=30247&returnto=22229
"Integrated Business & Engineering, BS",Mitch Daniels School of Business,https://catalog.purdue.edu/preview_program.php?catoid=17&poid=30957&returnto=22229
"Marketing, BS",Mitch Daniels School of Business,https://catalog.purdue.edu/preview_program.php?catoid=17&poid=29755&returnto=22229
"Quantitative Business Economics, BS",Mitch Daniels School of Business,https://catalog.purdue.edu/preview_program.php?catoid=17&poid=30140&returnto=22229
"Supply Chain & Operations Management, BS",Mitch Daniels School of Business,https://catalog.purdue.edu/preview_program.php?catoid=17&poid=30956&returnto=22229
Accounting Minor,Mitch Daniels School of Business,https://catalog.purdue.edu/preview_program.php?catoid=17&poid=30907&returnto=22229
Behavioral Economics Minor,Mitch Daniels School of Business,https://catalog.purdue.edu/preview_program.php?catoid=17&poid=31723&returnto=22229
Business Economics Minor,Mitch Daniels School of Business,https://catalog.purdue.edu/preview_program.php?catoid=17&poid=30248&returnto=22229
Economics Minor,Mitch Daniels School of Business,https://catalog.purdue.edu/preview_program.php?catoid=17&poid=29766&returnto=22229
Finance Minor,Mitch Daniels School of Business,https://catalog.purdue.edu/preview_program.php?catoid=17&poid=31252&returnto=22229
Human Resource Management Minor,Mitch Daniels School of Business,https://catalog.purdue.edu/preview_program.php?catoid=17&poid=31875&returnto=22229
Management Minor,Mitch Daniels School of Business,https://catalog.purdue.edu/preview_program.php?catoid=17&poid=29764&returnto=22229
Mathematical Economics Minor,Mitch Daniels School of Business,https://catalog.purdue.edu/preview_program.php?catoid=17&poid=30495&returnto=22229
Real Estate Finance Minor,Mitch Daniels School of Business,https://catalog.purdue.edu/preview_program.php?catoid=17&poid=31156&returnto=22229
Real Estate Minor,Mitch Daniels School of Business,https://catalog.purdue.edu/preview_program.php?catoid=17&poid=31157&returnto=22229
Pre-Accounting,Mitch Daniels School of Business,https://catalog.purdue.edu/preview_program.php?catoid=17&poid=31893&returnto=22229
Pre-Business Analytics & Information Management,Mitch Daniels School of Business,https://catalog.purdue.edu/preview_program.php?catoid=17&poid=31894&returnto=22229
Pre-Economics,Mitch Daniels School of Business,https://catalog.purdue.edu/preview_program.php?catoid=17&poid=31895&returnto=22229
Pre-Finance,Mitch Daniels School of Business,https://catalog.purdue.edu/preview_program.php?catoid=17&poid=31896&returnto=22229
Pre-General Management,Mitch Daniels School of Business,https://catalog.purdue.edu/preview_program.php?catoid=17&poid=31897&returnto=22229
Pre-Marketing,Mitch Daniels School of Business,https://catalog.purdue.edu/preview_program.php?catoid=17&poid=31898&returnto=22229
Pre-Quantitative Business Economics,Mitch Daniels School of Business,https://catalog.purdue.edu/preview_program.php?catoid=17&poid=31851&returnto=22229
Pre-Supply Chain & Operations Management,Mitch Daniels School of Business,https://catalog.purdue.edu/preview_program.php?catoid=17&poid=31899&returnto=22229
"Elementary Education, BA",College of Education,https://catalog.purdue.edu/preview_program.php?catoid=17&poid=30980&returnto=22229
"English Education, BA",College of Education,https://catalog.purdue.edu/preview_program.php?catoid=17&poid=30242&returnto=22229
"General Education: Curriculum and Instruction, BA (non-licensure)",College of Education,https://catalog.purdue.edu/preview_program.php?catoid=17&poid=29719&returnto=22229
"Social Studies Education, BA",College of Education,https://catalog.purdue.edu/preview_program.php?catoid=17&poid=29717&returnto=22229
Global Studies Minor,College of Education,https://catalog.purdue.edu/preview_program.php?catoid=17&poid=31860&returnto=22229
"General Education: Educational Studies, BA (non-licensure)",College of Education,https://catalog.purdue.edu/preview_program.php?catoid=17&poid=29720&returnto=22229
"Special Education Mild and Intense Intervention P to 12, BA",College of Education,https://catalog.purdue.edu/preview_program.php?catoid=17&poid=31854&returnto=22229
"Special Education/Elementary Education, BA",College of Education,https://catalog.purdue.edu/preview_program.php?catoid=17&poid=29721&returnto=22229
Collaborative Leadership Certificate,College of Education,https://catalog.purdue.edu/preview_program.php?catoid=17&poid=29926&returnto=22229
Learning Sciences in Educational Studies Minor,College of Education,https://catalog.purdue.edu/preview_program.php?catoid=17&poid=30171&returnto=22229
Global Engineering Studies Minor,College of Engineering,https://catalog.purdue.edu/preview_program.php?catoid=17&poid=29722&returnto=22229
Innovation and Transformational Change Minor,College of Engineering,https://catalog.purdue.edu/preview_program.php?catoid=17&poid=30336&returnto=22229
First-Year Engineering,College of Engineering,https://catalog.purdue.edu/preview_program.php?catoid=17&poid=30519&returnto=22229
"Aeronautical and Astronautical Engineering, BSAAE",College of Engineering,https://catalog.purdue.edu/preview_program.php?catoid=17&poid=30139&returnto=22229
"Biomedical Engineering, BSBME",College of Engineering,https://catalog.purdue.edu/preview_program.php?catoid=17&poid=29725&returnto=22229
"Chemical Engineering, BSCHE",College of Engineering,https://catalog.purdue.edu/preview_program.php?catoid=17&poid=29726&returnto=22229
"Civil Engineering, BSCE",College of Engineering,https://catalog.purdue.edu/preview_program.php?catoid=17&poid=29728&returnto=22229
"Construction Engineering, BSCNE",College of Engineering,https://catalog.purdue.edu/preview_program.php?catoid=17&poid=29729&returnto=22229
Architectural Engineering Minor,College of Engineering,https://catalog.purdue.edu/preview_program.php?catoid=17&poid=29727&returnto=22229
Construction Engineering Minor,College of Engineering,https://catalog.purdue.edu/preview_program.php?catoid=17&poid=30250&returnto=22229
"Computer Engineering, BSCMPE",College of Engineering,https://catalog.purdue.edu/preview_program.php?catoid=17&poid=31878&returnto=22229
"Electrical Engineering, BSEE",College of Engineering,https://catalog.purdue.edu/preview_program.php?catoid=17&poid=31879&returnto=22229
Artificial Intelligence/Machine Learning Minor,College of Engineering,https://catalog.purdue.edu/preview_program.php?catoid=17&poid=31102&returnto=22229
Electrical and Computer Engineering Minor,College of Engineering,https://catalog.purdue.edu/preview_program.php?catoid=17&poid=29730&returnto=22229
Microelectronics and Semiconductors Minor,College of Engineering,https://catalog.purdue.edu/preview_program.php?catoid=17&poid=31229&returnto=22229
"Interdisciplinary Engineering Studies/Engineering Science Studies Concentration, BS",College of Engineering,https://catalog.purdue.edu/preview_program.php?catoid=17&poid=30926&returnto=22229
"Interdisciplinary Engineering Studies/Pre-Med Concentration, BS",College of Engineering,https://catalog.purdue.edu/preview_program.php?catoid=17&poid=30431&returnto=22229
"Multidisciplinary Engineering/Acoustical Engineering Concentration, BSE",College of Engineering,https://catalog.purdue.edu/preview_program.php?catoid=17&poid=30916&returnto=22229
"Multidisciplinary Engineering/Educational Engineering Concentration, BSE",College of Engineering,https://catalog.purdue.edu/preview_program.php?catoid=17&poid=30917&returnto=22229
"Multidisciplinary Engineering/Engineering Management Concentration, BSE",College of Engineering,https://catalog.purdue.edu/preview_program.php?catoid=17&poid=30918&returnto=22229
"Multidisciplinary Engineering/General Engineering Concentration, BSE",College of Engineering,https://catalog.purdue.edu/preview_program.php?catoid=17&poid=30914&returnto=22229
"Multidisciplinary Engineering/Humanitarian Engineering Concentration, BSE",College of Engineering,https://catalog.purdue.edu/preview_program.php?catoid=17&poid=30919&returnto=22229
"Multidisciplinary Engineering/Lighting Concentration, BSE",College of Engineering,https://catalog.purdue.edu/preview_program.php?catoid=17&poid=30920&returnto=22229
"Multidisciplinary Engineering/Nano Engineering, BSE",College of Engineering,https://catalog.purdue.edu/preview_program.php?catoid=17&poid=30921&returnto=22229
"Multidisciplinary Engineering/Theatre Engineering Concentration, BSE",College of Engineering,https://catalog.purdue.edu/preview_program.php?catoid=17&poid=30922&returnto=22229
"Multidisciplinary Engineering/Visual Design Engineering Concentration, BSE",College of Engineering,https://catalog.purdue.edu/preview_program.php?catoid=17&poid=30923&returnto=22229
"Environmental and Ecological Engineering, BSEEE",College of Engineering,https://catalog.purdue.edu/preview_program.php?catoid=17&poid=29734&returnto=22229
Environmental and Ecological Engineering Minor,College of Engineering,https://catalog.purdue.edu/preview_program.php?catoid=17&poid=31908&returnto=22229
"Industrial Engineering, BSIE",College of Engineering,https://catalog.purdue.edu/preview_program.php?catoid=17&poid=29735&returnto=22229
Manufacturing Minor,College of Engineering,https://catalog.purdue.edu/preview_program.php?catoid=17&poid=29740&returnto=22229
"Materials Engineering, BSMSE",College of Engineering,https://catalog.purdue.edu/preview_program.php?catoid=17&poid=29737&returnto=22229
Materials Science and Engineering Minor,College of Engineering,https://catalog.purdue.edu/preview_program.php?catoid=17&poid=31906&returnto=22229
"Mechanical Engineering, BSME",College of Engineering,https://catalog.purdue.edu/preview_program.php?catoid=17&poid=31997&returnto=22229
"Motorsports Engineering, BSMSTE (Indianapolis Only)",College of Engineering,https://catalog.purdue.edu/preview_program.php?catoid=17&poid=31999&returnto=22229
Engineering and Public Policy Minor,College of Engineering,https://catalog.purdue.edu/preview_program.php?catoid=17&poid=29738&returnto=22229
Intellectual Property Law for Engineers Minor,College of Engineering,https://catalog.purdue.edu/preview_program.php?catoid=17&poid=29739&returnto=22229
Sustainable Engineering Minor,College of Engineering,https://catalog.purdue.edu/preview_program.php?catoid=17&poid=29741&returnto=22229
"Nuclear Engineering, BSNE",College of Engineering,https://catalog.purdue.edu/preview_program.php?catoid=17&poid=29743&returnto=22229
Nuclear Engineering Minor,College of Engineering,https://catalog.purdue.edu/preview_program.php?catoid=17&poid=30143&returnto=22229
"Explorers, DS",Exploratory Studies,https://catalog.purdue.edu/preview_program.php?catoid=17&poid=29923&returnto=22229
"Kinesiology, BS",College of Health and Human Sciences,https://catalog.purdue.edu/preview_program.php?catoid=17&poid=30236&returnto=22229
"Biomedical Health Sciences/Interdisciplinary Health Science Concentration, BS",College of Health and Human Sciences,https://catalog.purdue.edu/preview_program.php?catoid=17&poid=31159&returnto=22229
"Biomedical Health Sciences/Pre-Dentistry Concentration, BS",College of Health and Human Sciences,https://catalog.purdue.edu/preview_program.php?catoid=17&poid=31161&returnto=22229
"Biomedical Health Sciences/Pre-Medicine Concentration, BS",College of Health and Human Sciences,https://catalog.purdue.edu/preview_program.php?catoid=17&poid=31160&returnto=22229
"Biomedical Health Sciences/Pre-Optometry Concentration, BS",College of Health and Human Sciences,https://catalog.purdue.edu/preview_program.php?catoid=17&poid=31162&returnto=22229
"Biomedical Health Sciences/Pre-Physician Assistant Concentration, BS",College of Health and Human Sciences,https://catalog.purdue.edu/preview_program.php?catoid=17&poid=31163&returnto=22229
"Medical Laboratory Sciences, BS",College of Health and Human Sciences,https://catalog.purdue.edu/preview_program.php?catoid=17&poid=29757&returnto=22229
"Occupational and Environmental Health Sciences, BS",College of Health and Human Sciences,https://catalog.purdue.edu/preview_program.php?catoid=17&poid=30905&returnto=22229
"Radiological Health Sciences-Health Physics, BS",College of Health and Human Sciences,https://catalog.purdue.edu/preview_program.php?catoid=17&poid=29763&returnto=22229
"Radiological Health Sciences-Pre-Medical Physics, BS",College of Health and Human Sciences,https://catalog.purdue.edu/preview_program.php?catoid=17&poid=29762&returnto=22229
"Radiological Health Sciences/Radiation Health and Safety Concentration, BS",College of Health and Human Sciences,https://catalog.purdue.edu/preview_program.php?catoid=17&poid=31785&returnto=22229
Occupational Health Science Minor,College of Health and Human Sciences,https://catalog.purdue.edu/preview_program.php?catoid=17&poid=30507&returnto=22229
Radiological Health Sciences Minor,College of Health and Human Sciences,https://catalog.purdue.edu/preview_program.php?catoid=17&poid=31891&returnto=22229
"Financial Counseling and Planning, BS",College of Health and Human Sciences,https://catalog.purdue.edu/preview_program.php?catoid=17&poid=29744&returnto=22229
"Hospitality and Tourism Management, BS",College of Health and Human Sciences,https://catalog.purdue.edu/preview_program.php?catoid=17&poid=29771&returnto=22229
"Retail Management, BS",College of Health and Human Sciences,https://catalog.purdue.edu/preview_program.php?catoid=17&poid=29745&returnto=22229
"Selling and Sales Management, BS",College of Health and Human Sciences,https://catalog.purdue.edu/preview_program.php?catoid=17&poid=29746&returnto=22229
Event and Meeting Management Minor,College of Health and Human Sciences,https://catalog.purdue.edu/preview_program.php?catoid=17&poid=31863&returnto=22229
HTM International Studies Minor,College of Health and Human Sciences,https://catalog.purdue.edu/preview_program.php?catoid=17&poid=31864&returnto=22229
"Developmental and Family Science, BS",College of Health and Human Sciences,https://catalog.purdue.edu/preview_program.php?catoid=17&poid=29773&returnto=22229
"Early Childhood Education and Exceptional Needs, BS",College of Health and Human Sciences,https://catalog.purdue.edu/preview_program.php?catoid=17&poid=29775&returnto=22229
"Family and Consumer Sciences Education, BS",College of Health and Human Sciences,https://catalog.purdue.edu/preview_program.php?catoid=17&poid=29777&returnto=22229
"Human Services, BS",College of Health and Human Sciences,https://catalog.purdue.edu/preview_program.php?catoid=17&poid=31915&returnto=22229
Gerontology Certificate,College of Health and Human Sciences,https://catalog.purdue.edu/preview_program.php?catoid=17&poid=31917&returnto=22229
Human Development and Family Science Minor,College of Health and Human Sciences,https://catalog.purdue.edu/preview_program.php?catoid=17&poid=31865&returnto=22229
"Accelerated Nursing, BSN",College of Health and Human Sciences,https://catalog.purdue.edu/preview_program.php?catoid=17&poid=30235&returnto=22229
"Nursing, BSN",College of Health and Human Sciences,https://catalog.purdue.edu/preview_program.php?catoid=17&poid=29803&returnto=22229
"Dietetics/Nutrition, Fitness and Health, BS",College of Health and Human Sciences,https://catalog.purdue.edu/preview_program.php?catoid=17&poid=29786&returnto=22229
"Nutrition and Dietetics, BS",College of Health and Human Sciences,https://catalog.purdue.edu/preview_program.php?catoid=17&poid=29784&returnto=22229
"Nutrition Science, BS",College of Health and Human Sciences,https://catalog.purdue.edu/preview_program.php?catoid=17&poid=29789&returnto=22229
"Nutrition, Fitness, and Health, BS",College of Health and Human Sciences,https://catalog.purdue.edu/preview_program.php?catoid=17&poid=29790&returnto=22229
Foods and Nutrition Minor,College of Health and Human Sciences,https://catalog.purdue.edu/preview_program.php?catoid=17&poid=29781&returnto=22229
Nutrition Minor,College of Health and Human Sciences,https://catalog.purdue.edu/preview_program.php?catoid=17&poid=31794&returnto=22229
"Brain and Behavioral Sciences, BS",College of Health and Human Sciences,https://catalog.purdue.edu/preview_program.php?catoid=17&poid=29798&returnto=22229
"Psychological Sciences, BS",College of Health and Human Sciences,https://catalog.purdue.edu/preview_program.php?catoid=17&poid=29800&returnto=22229
Psychology Minor,College of Health and Human Sciences,https://catalog.purdue.edu/preview_program.php?catoid=17&poid=31867&returnto=22229
"Public Health, BS",College of Health and Human Sciences,https://catalog.purdue.edu/preview_program.php?catoid=17&poid=31168&returnto=22229
"Speech, Language, and Hearing Sciences, BS",College of Health and Human Sciences,https://catalog.purdue.edu/preview_program.php?catoid=17&poid=29801&returnto=22229
"Economics, BA",College of Liberal Arts,https://catalog.purdue.edu/preview_program.php?catoid=17&poid=29811&returnto=22229
Cornerstone Certificate,College of Liberal Arts,https://catalog.purdue.edu/preview_program.php?catoid=17&poid=30244&returnto=22229
Pre-Economics (Liberal Arts),College of Liberal Arts,https://catalog.purdue.edu/preview_program.php?catoid=17&poid=30432&returnto=22229
"Anthropology Honors, BA",College of Liberal Arts,https://catalog.purdue.edu/preview_program.php?catoid=17&poid=29824&returnto=22229
"Anthropology, BA",College of Liberal Arts,https://catalog.purdue.edu/preview_program.php?catoid=17&poid=29822&returnto=22229
"Anthropology, BS",College of Liberal Arts,https://catalog.purdue.edu/preview_program.php?catoid=17&poid=31726&returnto=22229
Science and Technology Studies Certificate,College of Liberal Arts,https://catalog.purdue.edu/preview_program.php?catoid=17&poid=31855&returnto=22229
Anthropology Minor,College of Liberal Arts,https://catalog.purdue.edu/preview_program.php?catoid=17&poid=29818&returnto=22229
"Communication: Business Communication Concentration, BA",College of Liberal Arts,https://catalog.purdue.edu/preview_program.php?catoid=17&poid=30881&returnto=22229
"Communication: Communication of Science and Technology Concentration, BA",College of Liberal Arts,https://catalog.purdue.edu/preview_program.php?catoid=17&poid=30883&returnto=22229
"Communication: General Communication Concentration, BA",College of Liberal Arts,https://catalog.purdue.edu/preview_program.php?catoid=17&poid=30882&returnto=22229
"Communication: Health Communication Concentration, BA",College of Liberal Arts,https://catalog.purdue.edu/preview_program.php?catoid=17&poid=30884&returnto=22229
"Communication: Interpersonal Communication Concentration, BA",College of Liberal Arts,https://catalog.purdue.edu/preview_program.php?catoid=17&poid=30885&returnto=22229
"Communication: Media and Mass Communication Concentration, BA",College of Liberal Arts,https://catalog.purdue.edu/preview_program.php?catoid=17&poid=30886&returnto=22229
"Communication: Political and Civic Communication Concentration, BA",College of Liberal Arts,https://catalog.purdue.edu/preview_program.php?catoid=17&poid=30887&returnto=22229
"Communication: Public Relations and Strategic Communication, BA",College of Liberal Arts,https://catalog.purdue.edu/preview_program.php?catoid=17&poid=30888&returnto=22229
Communication Minor,College of Liberal Arts,https://catalog.purdue.edu/preview_program.php?catoid=17&poid=29826&returnto=22229
Pre-Communication,College of Liberal Arts,https://catalog.purdue.edu/preview_program.php?catoid=17&poid=31795&returnto=22229
"Creative Writing, BA",College of Liberal Arts,https://catalog.purdue.edu/preview_program.php?catoid=17&poid=29835&returnto=22229
"English: English Literature Concentration, BA",College of Liberal Arts,https://catalog.purdue.edu/preview_program.php?catoid=17&poid=30667&returnto=22229
"English: Global Context Concentration, BA",College of Liberal Arts,https://catalog.purdue.edu/preview_program.php?catoid=17&poid=30575&returnto=22229
"Professional Writing, BA",College of Liberal Arts,https://catalog.purdue.edu/preview_program.php?catoid=17&poid=29836&returnto=22229
Creative Writing Minor,College of Liberal Arts,https://catalog.purdue.edu/preview_program.php?catoid=17&poid=29830&returnto=22229
English Minor,College of Liberal Arts,https://catalog.purdue.edu/preview_program.php?catoid=17&poid=29834&returnto=22229
Professional Writing Minor,College of Liberal Arts,https://catalog.purdue.edu/preview_program.php?catoid=17&poid=30371&returnto=22229
"History Honors, BA",College of Liberal Arts,https://catalog.purdue.edu/preview_program.php?catoid=17&poid=29851&returnto=22229
"History, BA",College of Liberal Arts,https://catalog.purdue.edu/preview_program.php?catoid=17&poid=29848&returnto=22229
Medical Humanities Certificate,College of Liberal Arts,https://catalog.purdue.edu/preview_program.php?catoid=17&poid=30194&returnto=22229
History Minor,College of Liberal Arts,https://catalog.purdue.edu/preview_program.php?catoid=17&poid=29847&returnto=22229
"African American Studies, BA",College of Liberal Arts,https://catalog.purdue.edu/preview_program.php?catoid=17&poid=29917&returnto=22229
"American Studies, BA",College of Liberal Arts,https://catalog.purdue.edu/preview_program.php?catoid=17&poid=29918&returnto=22229
"Global Studies, BA",College of Liberal Arts,https://catalog.purdue.edu/preview_program.php?catoid=17&poid=30166&returnto=22229
"Jewish Studies, BA",College of Liberal Arts,https://catalog.purdue.edu/preview_program.php?catoid=17&poid=29921&returnto=22229
"Linguistics, BA",College of Liberal Arts,https://catalog.purdue.edu/preview_program.php?catoid=17&poid=29922&returnto=22229
"Religious Studies, BA",College of Liberal Arts,https://catalog.purdue.edu/preview_program.php?catoid=17&poid=29902&returnto=22229
"Women’s, Gender & Sexuality Studies, BA",College of Liberal Arts,https://catalog.purdue.edu/preview_program.php?catoid=17&poid=29901&returnto=22229
Digital Humanities Certificate,College of Liberal Arts,https://catalog.purdue.edu/preview_program.php?catoid=17&poid=31057&returnto=22229
African American Studies Minor,College of Liberal Arts,https://catalog.purdue.edu/preview_program.php?catoid=17&poid=29905&returnto=22229
American Studies Minor,College of Liberal Arts,https://catalog.purdue.edu/preview_program.php?catoid=17&poid=29906&returnto=22229
Asian American Studies Minor,College of Liberal Arts,https://catalog.purdue.edu/preview_program.php?catoid=17&poid=29907&returnto=22229
Critical Disability Studies Minor,College of Liberal Arts,https://catalog.purdue.edu/preview_program.php?catoid=17&poid=30196&returnto=22229
Global Liberal Arts Studies Minor,College of Liberal Arts,https://catalog.purdue.edu/preview_program.php?catoid=17&poid=29910&returnto=22229
Islamic Studies Minor,College of Liberal Arts,https://catalog.purdue.edu/preview_program.php?catoid=17&poid=30199&returnto=22229
Jewish Studies Minor,College of Liberal Arts,https://catalog.purdue.edu/preview_program.php?catoid=17&poid=29911&returnto=22229
Latin American and Latino Studies Minor,College of Liberal Arts,https://catalog.purdue.edu/preview_program.php?catoid=17&poid=29887&returnto=22229
LGBTQ Studies Minor,College of Liberal Arts,https://catalog.purdue.edu/preview_program.php?catoid=17&poid=29912&returnto=22229
Linguistics Minor,College of Liberal Arts,https://catalog.purdue.edu/preview_program.php?catoid=17&poid=31857&returnto=22229
Native American and Indigenous Studies Minor,College of Liberal Arts,https://catalog.purdue.edu/preview_program.php?catoid=17&poid=29913&returnto=22229
Religious Studies Minor,College of Liberal Arts,https://catalog.purdue.edu/preview_program.php?catoid=17&poid=29915&returnto=22229
"Women’s, Gender, & Sexuality Studies Minor",College of Liberal Arts,https://catalog.purdue.edu/preview_program.php?catoid=17&poid=29916&returnto=22229
"Asian Studies, BA",College of Liberal Arts,https://catalog.purdue.edu/preview_program.php?catoid=17&poid=29919&returnto=22229
"Chinese Studies–Education Track, BA",College of Liberal Arts,https://catalog.purdue.edu/preview_program.php?catoid=17&poid=31173&returnto=22229
"Chinese Studies–Language & Culture Track, BA",College of Liberal Arts,https://catalog.purdue.edu/preview_program.php?catoid=17&poid=31171&returnto=22229
"Classical Studies-Classical Languages Track, BA",College of Liberal Arts,https://catalog.purdue.edu/preview_program.php?catoid=17&poid=29876&returnto=22229
"Classical Studies-Education Track, BA",College of Liberal Arts,https://catalog.purdue.edu/preview_program.php?catoid=17&poid=31175&returnto=22229
"Classical Studies-Literature & Culture Track, BA",College of Liberal Arts,https://catalog.purdue.edu/preview_program.php?catoid=17&poid=30186&returnto=22229
"Classical Studies-Material Culture & History Track, BA",College of Liberal Arts,https://catalog.purdue.edu/preview_program.php?catoid=17&poid=30185&returnto=22229
"Comparative Literature, BA",College of Liberal Arts,https://catalog.purdue.edu/preview_program.php?catoid=17&poid=29920&returnto=22229
"French–Education Track, BA",College of Liberal Arts,https://catalog.purdue.edu/preview_program.php?catoid=17&poid=31174&returnto=22229
"French–Language & Culture Track, BA",College of Liberal Arts,https://catalog.purdue.edu/preview_program.php?catoid=17&poid=29875&returnto=22229
"German–Education Track, BA",College of Liberal Arts,https://catalog.purdue.edu/preview_program.php?catoid=17&poid=31176&returnto=22229
"German–Language & Culture Track, BA",College of Liberal Arts,https://catalog.purdue.edu/preview_program.php?catoid=17&poid=29874&returnto=22229
"Italian Studies, BA",College of Liberal Arts,https://catalog.purdue.edu/preview_program.php?catoid=17&poid=29873&returnto=22229
"Japanese–Education Track, BA",College of Liberal Arts,https://catalog.purdue.edu/preview_program.php?catoid=17&poid=31177&returnto=22229
"Japanese–Language & Culture Track, BA",College of Liberal Arts,https://catalog.purdue.edu/preview_program.php?catoid=17&poid=29872&returnto=22229
"Russian, BA",College of Liberal Arts,https://catalog.purdue.edu/preview_program.php?catoid=17&poid=29871&returnto=22229
"Spanish–Education Track, BA",College of Liberal Arts,https://catalog.purdue.edu/preview_program.php?catoid=17&poid=29870&returnto=22229
"Spanish–Language and Culture Track, BA",College of Liberal Arts,https://catalog.purdue.edu/preview_program.php?catoid=17&poid=31172&returnto=22229
Arabic Language and Culture Minor,College of Liberal Arts,https://catalog.purdue.edu/preview_program.php?catoid=17&poid=29898&returnto=22229
Asian Studies Minor,College of Liberal Arts,https://catalog.purdue.edu/preview_program.php?catoid=17&poid=29908&returnto=22229
ASL and Deaf Studies Minor,College of Liberal Arts,https://catalog.purdue.edu/preview_program.php?catoid=17&poid=30964&returnto=22229
Business French Minor,College of Liberal Arts,https://catalog.purdue.edu/preview_program.php?catoid=17&poid=30195&returnto=22229
Chinese Minor,College of Liberal Arts,https://catalog.purdue.edu/preview_program.php?catoid=17&poid=29909&returnto=22229
Classical Studies Minor,College of Liberal Arts,https://catalog.purdue.edu/preview_program.php?catoid=17&poid=29893&returnto=22229
French Cultural Studies Minor,College of Liberal Arts,https://catalog.purdue.edu/preview_program.php?catoid=17&poid=30241&returnto=22229
French Minor,College of Liberal Arts,https://catalog.purdue.edu/preview_program.php?catoid=17&poid=31866&returnto=22229
German Minor,College of Liberal Arts,https://catalog.purdue.edu/preview_program.php?catoid=17&poid=29890&returnto=22229
Italian Minor,College of Liberal Arts,https://catalog.purdue.edu/preview_program.php?catoid=17&poid=29889&returnto=22229
Japanese Minor,College of Liberal Arts,https://catalog.purdue.edu/preview_program.php?catoid=17&poid=29888&returnto=22229
Korean Studies Minor,College of Liberal Arts,https://catalog.purdue.edu/preview_program.php?catoid=17&poid=31876&returnto=22229
Portuguese Minor,College of Liberal Arts,https://catalog.purdue.edu/preview_program.php?catoid=17&poid=29883&returnto=22229
Russian Minor,College of Liberal Arts,https://catalog.purdue.edu/preview_program.php?catoid=17&poid=29881&returnto=22229
Spanish for the Professions Minor,College of Liberal Arts,https://catalog.purdue.edu/preview_program.php?catoid=17&poid=30240&returnto=22229
Spanish Minor,College of Liberal Arts,https://catalog.purdue.edu/preview_program.php?catoid=17&poid=29877&returnto=22229
"Artificial Intelligence, BA",College of Liberal Arts,https://catalog.purdue.edu/preview_program.php?catoid=17&poid=31158&returnto=22229
"Philosophy, BA",College of Liberal Arts,https://catalog.purdue.edu/preview_program.php?catoid=17&poid=29859&returnto=22229
Human Rights Studies Minor,College of Liberal Arts,https://catalog.purdue.edu/preview_program.php?catoid=17&poid=30197&returnto=22229
Philosophy Minor,College of Liberal Arts,https://catalog.purdue.edu/preview_program.php?catoid=17&poid=29854&returnto=22229
"Political Science, BA",College of Liberal Arts,https://catalog.purdue.edu/preview_program.php?catoid=17&poid=29862&returnto=22229
Environmental and Sustainability Studies Certificate,College of Liberal Arts,https://catalog.purdue.edu/preview_program.php?catoid=17&poid=30243&returnto=22229
Public Policy Certificate,College of Liberal Arts,https://catalog.purdue.edu/preview_program.php?catoid=17&poid=31911&returnto=22229
Environmental Politics and Policy Minor,College of Liberal Arts,https://catalog.purdue.edu/preview_program.php?catoid=17&poid=29860&returnto=22229
Political Science Minor,College of Liberal Arts,https://catalog.purdue.edu/preview_program.php?catoid=17&poid=29861&returnto=22229
"Digital Criminology, BA",College of Liberal Arts,https://catalog.purdue.edu/preview_program.php?catoid=17&poid=30903&returnto=22229
"Law and Society, BA",College of Liberal Arts,https://catalog.purdue.edu/preview_program.php?catoid=17&poid=29865&returnto=22229
"Sociology, BA",College of Liberal Arts,https://catalog.purdue.edu/preview_program.php?catoid=17&poid=31790&returnto=22229
"Digital Criminology, BS",College of Liberal Arts,https://catalog.purdue.edu/preview_program.php?catoid=17&poid=31340&returnto=22229
Law and Society Minor,College of Liberal Arts,https://catalog.purdue.edu/preview_program.php?catoid=17&poid=29863&returnto=22229
Sociology Minor,College of Liberal Arts,https://catalog.purdue.edu/preview_program.php?catoid=17&poid=29864&returnto=22229
"Art History, BA",College of Liberal Arts,https://catalog.purdue.edu/preview_program.php?catoid=17&poid=29892&returnto=22229
"Design Studies, BA",College of Liberal Arts,https://catalog.purdue.edu/preview_program.php?catoid=17&poid=31972&returnto=22229
"Film & Video, BA",College of Liberal Arts,https://catalog.purdue.edu/preview_program.php?catoid=17&poid=31953&returnto=22229
"Interdisciplinary Performance, BA",College of Liberal Arts,https://catalog.purdue.edu/preview_program.php?catoid=17&poid=31852&returnto=22229
"Music: General Music Studies Concentration, BA",College of Liberal Arts,https://catalog.purdue.edu/preview_program.php?catoid=17&poid=31304&returnto=22229
"Music: Jazz Studies Concentration, BA",College of Liberal Arts,https://catalog.purdue.edu/preview_program.php?catoid=17&poid=32003&returnto=22229
"Music: Music Technology Concentration, BA",College of Liberal Arts,https://catalog.purdue.edu/preview_program.php?catoid=17&poid=31303&returnto=22229
"Music: Music Theory & Composition Concentration, BA",College of Liberal Arts,https://catalog.purdue.edu/preview_program.php?catoid=17&poid=32004&returnto=22229
"Sound for the Performing Arts, BA",College of Liberal Arts,https://catalog.purdue.edu/preview_program.php?catoid=17&poid=29897&returnto=22229
"Studio Arts and Technology, BA",College of Liberal Arts,https://catalog.purdue.edu/preview_program.php?catoid=17&poid=29899&returnto=22229
"Theatre, BA",College of Liberal Arts,https://catalog.purdue.edu/preview_program.php?catoid=17&poid=29900&returnto=22229
"Visual Arts Design Education, BA",College of Liberal Arts,https://catalog.purdue.edu/preview_program.php?catoid=17&poid=30436&returnto=22229
"Visual Arts Education, BA",College of Liberal Arts,https://catalog.purdue.edu/preview_program.php?catoid=17&poid=29903&returnto=22229
"Industrial Design Professional Program, BFA",College of Liberal Arts,https://catalog.purdue.edu/preview_program.php?catoid=17&poid=29895&returnto=22229
"Integrated Studio Arts, BFA",College of Liberal Arts,https://catalog.purdue.edu/preview_program.php?catoid=17&poid=29894&returnto=22229
"Interior Design Professional Program, BFA",College of Liberal Arts,https://catalog.purdue.edu/preview_program.php?catoid=17&poid=29896&returnto=22229
"Visual Communication Design, BFA",College of Liberal Arts,https://catalog.purdue.edu/preview_program.php?catoid=17&poid=29904&returnto=22229
Acting: Communication through Performance Certificate,College of Liberal Arts,https://catalog.purdue.edu/preview_program.php?catoid=17&poid=30159&returnto=22229
Music Technology Certificate,College of Liberal Arts,https://catalog.purdue.edu/preview_program.php?catoid=17&poid=30497&returnto=22229
Sports Studies and Production Certificate,College of Liberal Arts,https://catalog.purdue.edu/preview_program.php?catoid=17&poid=31888&returnto=22229
Theatre Lighting Certificate,College of Liberal Arts,https://catalog.purdue.edu/preview_program.php?catoid=17&poid=30158&returnto=22229
Art and Design Studio Minor,College of Liberal Arts,https://catalog.purdue.edu/preview_program.php?catoid=17&poid=29878&returnto=22229
Art History Minor,College of Liberal Arts,https://catalog.purdue.edu/preview_program.php?catoid=17&poid=29879&returnto=22229
Dance Minor,College of Liberal Arts,https://catalog.purdue.edu/preview_program.php?catoid=17&poid=29880&returnto=22229
Electronic and Time-Based Art Minor,College of Liberal Arts,https://catalog.purdue.edu/preview_program.php?catoid=17&poid=29882&returnto=22229
Film & Video Studies Minor,College of Liberal Arts,https://catalog.purdue.edu/preview_program.php?catoid=17&poid=31889&returnto=22229
Music History and Theory Minor,College of Liberal Arts,https://catalog.purdue.edu/preview_program.php?catoid=17&poid=29884&returnto=22229
Theatre Design and Production Minor,College of Liberal Arts,https://catalog.purdue.edu/preview_program.php?catoid=17&poid=29885&returnto=22229
Theatre Minor,College of Liberal Arts,https://catalog.purdue.edu/preview_program.php?catoid=17&poid=29886&returnto=22229
Information Studies Minor,Libraries and School of Information Studies,https://catalog.purdue.edu/preview_program.php?catoid=17&poid=31887&returnto=22229
"Pharmaceutical Sciences, BS",College of Pharmacy,https://catalog.purdue.edu/preview_program.php?catoid=17&poid=29868&returnto=22229
"Aeronautical Technology, BS (Indianapolis International Airport Statewide)",Polytechnic Institute,https://catalog.purdue.edu/preview_program.php?catoid=17&poid=30573&returnto=22229
"Multidisciplinary Technology, BS (Statewide)",Polytechnic Institute,https://catalog.purdue.edu/preview_program.php?catoid=17&poid=30572&returnto=22229
Advanced Global Technology Minor,Polytechnic Institute,https://catalog.purdue.edu/preview_program.php?catoid=17&poid=30521&returnto=22229
"Aeronautical Engineering Technology, BS",Polytechnic Institute,https://catalog.purdue.edu/preview_program.php?catoid=17&poid=29788&returnto=22229
"Aerospace Financial Analysis, BS",Polytechnic Institute,https://catalog.purdue.edu/preview_program.php?catoid=17&poid=30152&returnto=22229
"Airline Management and Operations, BS",Polytechnic Institute,https://catalog.purdue.edu/preview_program.php?catoid=17&poid=30149&returnto=22229
"Airport Management and Operations, BS",Polytechnic Institute,https://catalog.purdue.edu/preview_program.php?catoid=17&poid=30150&returnto=22229
"Aviation Management, BS",Polytechnic Institute,https://catalog.purdue.edu/preview_program.php?catoid=17&poid=29787&returnto=22229
"Professional Flight Technology, BS",Polytechnic Institute,https://catalog.purdue.edu/preview_program.php?catoid=17&poid=29785&returnto=22229
"Unmanned Aerial Systems, BS",Polytechnic Institute,https://catalog.purdue.edu/preview_program.php?catoid=17&poid=30151&returnto=22229
Unmanned Aerial Systems Minor,Polytechnic Institute,https://catalog.purdue.edu/preview_program.php?catoid=17&poid=31873&returnto=22229
"Building Information Modeling, BS",Polytechnic Institute,https://catalog.purdue.edu/preview_program.php?catoid=17&poid=30160&returnto=22229
"Construction Management, BS",Polytechnic Institute,https://catalog.purdue.edu/preview_program.php?catoid=17&poid=31980&returnto=22229
"Design and Construction Integration, BS",Polytechnic Institute,https://catalog.purdue.edu/preview_program.php?catoid=17&poid=30856&returnto=22229
"Interior Architecture, BS (Indianapolis Only)",Polytechnic Institute,https://catalog.purdue.edu/preview_program.php?catoid=17&poid=31976&returnto=22229
Construction Graphics Minor,Polytechnic Institute,https://catalog.purdue.edu/preview_program.php?catoid=17&poid=29795&returnto=22229
Construction Management Minor,Polytechnic Institute,https://catalog.purdue.edu/preview_program.php?catoid=17&poid=30254&returnto=22229
Design and Construction Integration Minor,Polytechnic Institute,https://catalog.purdue.edu/preview_program.php?catoid=17&poid=31193&returnto=22229
"Computer and Information Technology, BS",Polytechnic Institute,https://catalog.purdue.edu/preview_program.php?catoid=17&poid=29780&returnto=22229
"Computing Infrastructure and Network Engineering Technology, BS",Polytechnic Institute,https://catalog.purdue.edu/preview_program.php?catoid=17&poid=30255&returnto=22229
"Computing Systems Analysis & Design, BS",Polytechnic Institute,https://catalog.purdue.edu/preview_program.php?catoid=17&poid=31322&returnto=22229
"Cybersecurity, BS",Polytechnic Institute,https://catalog.purdue.edu/preview_program.php?catoid=17&poid=31984&returnto=22229
"Data Analytics, Technologies, and Applications, BS",Polytechnic Institute,https://catalog.purdue.edu/preview_program.php?catoid=17&poid=31046&returnto=22229
Computer and Information Technology Minor,Polytechnic Institute,https://catalog.purdue.edu/preview_program.php?catoid=17&poid=29796&returnto=22229
"Animation And Visual Effects, BS",Polytechnic Institute,https://catalog.purdue.edu/preview_program.php?catoid=17&poid=31127&returnto=22229
"Data Visualization, BS",Polytechnic Institute,https://catalog.purdue.edu/preview_program.php?catoid=17&poid=30228&returnto=22229
"Game Development, BS",Polytechnic Institute,https://catalog.purdue.edu/preview_program.php?catoid=17&poid=31128&returnto=22229
"Themed Entertainment Design, BS (Indianapolis only)",Polytechnic Institute,https://catalog.purdue.edu/preview_program.php?catoid=17&poid=32002&returnto=22229
"UX Design, BS",Polytechnic Institute,https://catalog.purdue.edu/preview_program.php?catoid=17&poid=30156&returnto=22229
"Web Programming & Design, BS",Polytechnic Institute,https://catalog.purdue.edu/preview_program.php?catoid=17&poid=30147&returnto=22229
"Mechanical Engineering Technology, AS (Statewide Locations Only)",Polytechnic Institute,https://catalog.purdue.edu/preview_program.php?catoid=17&poid=30533&returnto=22229
"Audio Engineering Technology, BS",Polytechnic Institute,https://catalog.purdue.edu/preview_program.php?catoid=17&poid=30148&returnto=22229
"Automation and Systems Integration Engineering Technology, BS",Polytechnic Institute,https://catalog.purdue.edu/preview_program.php?catoid=17&poid=30259&returnto=22229
"Computer Engineering Technology, BS",Polytechnic Institute,https://catalog.purdue.edu/preview_program.php?catoid=17&poid=31982&returnto=22229
"Digital Enterprise Systems, BS",Polytechnic Institute,https://catalog.purdue.edu/preview_program.php?catoid=17&poid=31129&returnto=22229
"Electrical Engineering Technology, BS",Polytechnic Institute,https://catalog.purdue.edu/preview_program.php?catoid=17&poid=31985&returnto=22229
"Energy Engineering Technology, BS",Polytechnic Institute,https://catalog.purdue.edu/preview_program.php?catoid=17&poid=30517&returnto=22229
"Engineering Technology, BS (Statewide Locations Only)",Polytechnic Institute,https://catalog.purdue.edu/preview_program.php?catoid=17&poid=30535&returnto=22229
"Industrial Engineering Technology, BS",Polytechnic Institute,https://catalog.purdue.edu/preview_program.php?catoid=17&poid=30542&returnto=22229
"Mechanical Engineering Technology, BS",Polytechnic Institute,https://catalog.purdue.edu/preview_program.php?catoid=17&poid=29776&returnto=22229
"Mechatronics Engineering Technology, BS",Polytechnic Institute,https://catalog.purdue.edu/preview_program.php?catoid=17&poid=30260&returnto=22229
"Robotics Engineering Technology, BS",Polytechnic Institute,https://catalog.purdue.edu/preview_program.php?catoid=17&poid=30258&returnto=22229
"Smart Manufacturing Industrial Informatics, BS",Polytechnic Institute,https://catalog.purdue.edu/preview_program.php?catoid=17&poid=30983&returnto=22229
"Supply Chain & Sales Engineering Technology, BS",Polytechnic Institute,https://catalog.purdue.edu/preview_program.php?catoid=17&poid=30528&returnto=22229
Industrial Engineering Technology Certificate,Polytechnic Institute,https://catalog.purdue.edu/preview_program.php?catoid=17&poid=30505&returnto=22229
Electrical Engineering Technology Minor,Polytechnic Institute,https://catalog.purdue.edu/preview_program.php?catoid=17&poid=30163&returnto=22229
Product Lifecycle Management Minor,Polytechnic Institute,https://catalog.purdue.edu/preview_program.php?catoid=17&poid=29793&returnto=22229
Smart Manufacturing Enterprise Minor,Polytechnic Institute,https://catalog.purdue.edu/preview_program.php?catoid=17&poid=30518&returnto=22229
Supply Chain Engineering Technology Minor,Polytechnic Institute,https://catalog.purdue.edu/preview_program.php?catoid=17&poid=29791&returnto=22229
Aerospace Studies Minor,Polytechnic Institute,https://catalog.purdue.edu/preview_program.php?catoid=17&poid=29805&returnto=22229
Military Science and Leadership Minor,Polytechnic Institute,https://catalog.purdue.edu/preview_program.php?catoid=17&poid=29809&returnto=22229
Naval Science Minor,Polytechnic Institute,https://catalog.purdue.edu/preview_program.php?catoid=17&poid=29810&returnto=22229
"Engineering Technology Education, BS",Polytechnic Institute,https://catalog.purdue.edu/preview_program.php?catoid=17&poid=29774&returnto=22229
"Human Resource Development, BS",Polytechnic Institute,https://catalog.purdue.edu/preview_program.php?catoid=17&poid=30257&returnto=22229
"Organizational Leadership, BS",Polytechnic Institute,https://catalog.purdue.edu/preview_program.php?catoid=17&poid=29769&returnto=22229
Human Resource Management Certificate (Purdue in Indianapolis and Statewide Only),Polytechnic Institute,https://catalog.purdue.edu/preview_program.php?catoid=17&poid=30931&returnto=22229
Leadership Series Certificate (Purdue in Indianapolis and Statewide Only),Polytechnic Institute,https://catalog.purdue.edu/preview_program.php?catoid=17&poid=30932&returnto=22229
Teaching Secondary Education Computational Thinking Certificate,Polytechnic Institute,https://catalog.purdue.edu/preview_program.php?catoid=17&poid=30909&returnto=22229
Design and Innovation Minor,Polytechnic Institute,https://catalog.purdue.edu/preview_program.php?catoid=17&poid=30325&returnto=22229
Organizational Leadership Minor,Polytechnic Institute,https://catalog.purdue.edu/preview_program.php?catoid=17&poid=31862&returnto=22229
"Interdisciplinary Science, BS (Biology)",College of Science,https://catalog.purdue.edu/preview_program.php?catoid=17&poid=30187&returnto=22229
"Interdisciplinary Science, BS (Chemistry)",College of Science,https://catalog.purdue.edu/preview_program.php?catoid=17&poid=30189&returnto=22229
"Interdisciplinary Science, BS (Computer Science)",College of Science,https://catalog.purdue.edu/preview_program.php?catoid=17&poid=30183&returnto=22229
"Interdisciplinary Science, BS (Earth, Atmospheric, and Planetary Sciences)",College of Science,https://catalog.purdue.edu/preview_program.php?catoid=17&poid=30182&returnto=22229
"Interdisciplinary Science, BS (Mathematics)",College of Science,https://catalog.purdue.edu/preview_program.php?catoid=17&poid=30188&returnto=22229
"Interdisciplinary Science, BS (Physics)",College of Science,https://catalog.purdue.edu/preview_program.php?catoid=17&poid=30190&returnto=22229
"Interdisciplinary Science, BS (Statistics)",College of Science,https://catalog.purdue.edu/preview_program.php?catoid=17&poid=30184&returnto=22229
"Science Education - Biology Concentration, BS",College of Science,https://catalog.purdue.edu/preview_program.php?catoid=17&poid=30201&returnto=22229
"Science Education - Chemistry Concentration, BS",College of Science,https://catalog.purdue.edu/preview_program.php?catoid=17&poid=30200&returnto=22229
"Science Education - Earth Space Science Concentration, BS",College of Science,https://catalog.purdue.edu/preview_program.php?catoid=17&poid=30198&returnto=22229
"Science Education - Physics Concentration, BS",College of Science,https://catalog.purdue.edu/preview_program.php?catoid=17&poid=30181&returnto=22229
Applications in Data Science Certificate,College of Science,https://catalog.purdue.edu/preview_program.php?catoid=17&poid=30574&returnto=22229
Learning Beyond the Classroom Certificate,College of Science,https://catalog.purdue.edu/preview_program.php?catoid=17&poid=31907&returnto=22229
"Biology, BS",College of Science,https://catalog.purdue.edu/preview_program.php?catoid=17&poid=29849&returnto=22229
"Cell, Molecular, and Developmental Biology, BS",College of Science,https://catalog.purdue.edu/preview_program.php?catoid=17&poid=29846&returnto=22229
"Chemical Biology & Biochemistry, BS",College of Science,https://catalog.purdue.edu/preview_program.php?catoid=17&poid=29850&returnto=22229
"Ecology, Evolution, and Environmental Biology, BS",College of Science,https://catalog.purdue.edu/preview_program.php?catoid=17&poid=29845&returnto=22229
"Genetics, BS",College of Science,https://catalog.purdue.edu/preview_program.php?catoid=17&poid=29844&returnto=22229
"Health and Disease, BS",College of Science,https://catalog.purdue.edu/preview_program.php?catoid=17&poid=29843&returnto=22229
"Microbiology, BS",College of Science,https://catalog.purdue.edu/preview_program.php?catoid=17&poid=29841&returnto=22229
"Neurobiology and Physiology, BS",College of Science,https://catalog.purdue.edu/preview_program.php?catoid=17&poid=29840&returnto=22229
Biological Sciences Minor,College of Science,https://catalog.purdue.edu/preview_program.php?catoid=17&poid=29867&returnto=22229
"Chemistry, BS",College of Science,https://catalog.purdue.edu/preview_program.php?catoid=17&poid=29837&returnto=22229
"Biochemistry (Chemistry), BSCH",College of Science,https://catalog.purdue.edu/preview_program.php?catoid=17&poid=29839&returnto=22229
"Chemistry (ACS), BSCH",College of Science,https://catalog.purdue.edu/preview_program.php?catoid=17&poid=29838&returnto=22229
Chemistry Minor,College of Science,https://catalog.purdue.edu/preview_program.php?catoid=17&poid=29858&returnto=22229
"Artificial Intelligence, BS",College of Science,https://catalog.purdue.edu/preview_program.php?catoid=17&poid=31951&returnto=22229
"Computer Science Honors: Algorithmic Foundations, BS",College of Science,https://catalog.purdue.edu/preview_program.php?catoid=17&poid=31086&returnto=22229
"Computer Science Honors: Computational Science and Engineering, BS",College of Science,https://catalog.purdue.edu/preview_program.php?catoid=17&poid=31079&returnto=22229
"Computer Science Honors: Computer Graphics and Visualization, BS",College of Science,https://catalog.purdue.edu/preview_program.php?catoid=17&poid=31080&returnto=22229
"Computer Science Honors: Database and Information Systems, BS",College of Science,https://catalog.purdue.edu/preview_program.php?catoid=17&poid=29833&returnto=22229
"Computer Science Honors: Machine Intelligence, BS",College of Science,https://catalog.purdue.edu/preview_program.php?catoid=17&poid=31993&returnto=22229
"Computer Science Honors: Programming Language, BS",College of Science,https://catalog.purdue.edu/preview_program.php?catoid=17&poid=31082&returnto=22229
"Computer Science Honors: Security, BS",College of Science,https://catalog.purdue.edu/preview_program.php?catoid=17&poid=31083&returnto=22229
"Computer Science Honors: Software Engineering, BS",College of Science,https://catalog.purdue.edu/preview_program.php?catoid=17&poid=31084&returnto=22229
"Computer Science Honors: Software Engineering, BS (West Lafayette & Indianapolis)",College of Science,https://catalog.purdue.edu/preview_program.php?catoid=17&poid=31994&returnto=22229
"Computer Science Honors: Systems Software, BS",College of Science,https://catalog.purdue.edu/preview_program.php?catoid=17&poid=31085&returnto=22229
"Computer Science: Algorithmic Foundations, BS",College of Science,https://catalog.purdue.edu/preview_program.php?catoid=17&poid=31070&returnto=22229
"Computer Science: Computational Science And Engineering, BS",College of Science,https://catalog.purdue.edu/preview_program.php?catoid=17&poid=31071&returnto=22229
"Computer Science: Computer Graphics and Visualization, BS",College of Science,https://catalog.purdue.edu/preview_program.php?catoid=17&poid=31072&returnto=22229
"Computer Science: Database and Information Systems, BS",College of Science,https://catalog.purdue.edu/preview_program.php?catoid=17&poid=31073&returnto=22229
"Computer Science: Machine Intelligence, BS",College of Science,https://catalog.purdue.edu/preview_program.php?catoid=17&poid=31991&returnto=22229
"Computer Science: Programming Languages, BS",College of Science,https://catalog.purdue.edu/preview_program.php?catoid=17&poid=31075&returnto=22229
"Computer Science: Security, BS",College of Science,https://catalog.purdue.edu/preview_program.php?catoid=17&poid=31076&returnto=22229
"Computer Science: Software Engineering, BS",College of Science,https://catalog.purdue.edu/preview_program.php?catoid=17&poid=31992&returnto=22229
"Computer Science: Systems Software, BS",College of Science,https://catalog.purdue.edu/preview_program.php?catoid=17&poid=31078&returnto=22229
"Data Science, BS (CS)",College of Science,https://catalog.purdue.edu/preview_program.php?catoid=17&poid=31952&returnto=22229
Computer Science Minor,College of Science,https://catalog.purdue.edu/preview_program.php?catoid=17&poid=29857&returnto=22229
Data Science First Year (CS),College of Science,https://catalog.purdue.edu/preview_program.php?catoid=17&poid=30270&returnto=22229
"Atmospheric Science, BS",College of Science,https://catalog.purdue.edu/preview_program.php?catoid=17&poid=29831&returnto=22229
"Environmental Geoscience, BS",College of Science,https://catalog.purdue.edu/preview_program.php?catoid=17&poid=29829&returnto=22229
"Geology and Geophysics, BS",College of Science,https://catalog.purdue.edu/preview_program.php?catoid=17&poid=29828&returnto=22229
"Planetary Sciences, BS",College of Science,https://catalog.purdue.edu/preview_program.php?catoid=17&poid=29827&returnto=22229
Atmospheric Science Minor,College of Science,https://catalog.purdue.edu/preview_program.php?catoid=17&poid=31749&returnto=22229
Earth and Planetary Sciences Minor,College of Science,https://catalog.purdue.edu/preview_program.php?catoid=17&poid=31839&returnto=22229
"Actuarial Science Honors, BS",College of Science,https://catalog.purdue.edu/preview_program.php?catoid=17&poid=29825&returnto=22229
"Actuarial Science, BS",College of Science,https://catalog.purdue.edu/preview_program.php?catoid=17&poid=29823&returnto=22229
"Applied Mathematics, BS",College of Science,https://catalog.purdue.edu/preview_program.php?catoid=17&poid=29821&returnto=22229
"Data Science, BS (Mathematics)",College of Science,https://catalog.purdue.edu/preview_program.php?catoid=17&poid=30985&returnto=22229
"Mathematics Education, BS",College of Science,https://catalog.purdue.edu/preview_program.php?catoid=17&poid=29817&returnto=22229
"Mathematics Honors, BS",College of Science,https://catalog.purdue.edu/preview_program.php?catoid=17&poid=29816&returnto=22229
"Mathematics, BS",College of Science,https://catalog.purdue.edu/preview_program.php?catoid=17&poid=29819&returnto=22229
"Mathematics/Business, BS",College of Science,https://catalog.purdue.edu/preview_program.php?catoid=17&poid=29820&returnto=22229
"Mathematics/Computer Science, BS",College of Science,https://catalog.purdue.edu/preview_program.php?catoid=17&poid=29815&returnto=22229
"Mathematics/Statistics, BS",College of Science,https://catalog.purdue.edu/preview_program.php?catoid=17&poid=29814&returnto=22229
Mathematics Minor,College of Science,https://catalog.purdue.edu/preview_program.php?catoid=17&poid=29855&returnto=22229
Data Science First Year (Math),College of Science,https://catalog.purdue.edu/preview_program.php?catoid=17&poid=31025&returnto=22229
"Applied Physics Honors, BS",College of Science,https://catalog.purdue.edu/preview_program.php?catoid=17&poid=29813&returnto=22229
"Applied Physics, BS",College of Science,https://catalog.purdue.edu/preview_program.php?catoid=17&poid=29812&returnto=22229
"Physics Honors, BS",College of Science,https://catalog.purdue.edu/preview_program.php?catoid=17&poid=29808&returnto=22229
"Physics, BS",College of Science,https://catalog.purdue.edu/preview_program.php?catoid=17&poid=29806&returnto=22229
Astronomy Minor,College of Science,https://catalog.purdue.edu/preview_program.php?catoid=17&poid=29866&returnto=22229
Physics Minor,College of Science,https://catalog.purdue.edu/preview_program.php?catoid=17&poid=31861&returnto=22229
"Applied Statistics, BS",College of Science,https://catalog.purdue.edu/preview_program.php?catoid=17&poid=29804&returnto=22229
"Data Science, BS (Statistics)",College of Science,https://catalog.purdue.edu/preview_program.php?catoid=17&poid=30246&returnto=22229
"Statistics - Math Emphasis, BS",College of Science,https://catalog.purdue.edu/preview_program.php?catoid=17&poid=29802&returnto=22229
"Statistics Honors, BS",College of Science,https://catalog.purdue.edu/preview_program.php?catoid=17&poid=29799&returnto=22229
Statistics Minor,College of Science,https://catalog.purdue.edu/preview_program.php?catoid=17&poid=29852&returnto=22229
Data Science First Year (Statistics),College of Science,https://catalog.purdue.edu/preview_program.php?catoid=17&poid=30271&returnto=22229
"Veterinary Nursing Distance Learning, AAS",College of Veterinary Medicine,https://catalog.purdue.edu/preview_program.php?catoid=17&poid=31097&returnto=22229
"Veterinary Nursing, AAS",College of Veterinary Medicine,https://catalog.purdue.edu/preview_program.php?catoid=17&poid=31098&returnto=22229
"Veterinary Nursing Completion, BSVN",College of Veterinary Medicine,https://catalog.purdue.edu/preview_program.php?catoid=17&poid=31096&returnto=22229
"Veterinary Nursing, BSVN",College of Veterinary Medicine,https://catalog.purdue.edu/preview_program.php?catoid=17&poid=29767&returnto=22229
Entrepreneurship and Innovation Certificate,Office of the Provost,https://catalog.purdue.edu/preview_program.php?catoid=17&poid=29928&returnto=22229
Quantum Information Science and Technology Certificate,Office of the Provost,https://catalog.purdue.edu/preview_program.php?catoid=17&poid=31969&returnto=22229
Systems Certificate,Office of the Provost,https://catalog.purdue.edu/preview_program.php?catoid=17&poid=30443&returnto=22229
Extensive Industry Co-op Certificate,Office of the Provost,https://catalog.purdue.edu/preview_program.php?catoid=17&poid=30477&returnto=22229
Industry Co-op Certificate,Office of the Provost,https://catalog.purdue.edu/preview_program.php?catoid=17&poid=30478&returnto=22229
Learning While Working Certificate,Office of the Provost,https://catalog.purdue.edu/preview_program.php?catoid=17&poid=31949&returnto=22229
Pharmaceutical Manufacturing Certificate,Office of the Provost,https://catalog.purdue.edu/preview_program.php?catoid=17&poid=31334&returnto=22229
Semiconductors and Microelectronics Certificate,Office of the Provost,https://catalog.purdue.edu/preview_program.php?catoid=17&poid=31335&returnto=22229
