name,college,url
"Natural Resources and Environmental Science: Climate and Energy Solutions Concentration, BS",College of Agriculture (Undergraduate),https://catalog.purdue.edu/preview_degree_planner.php?catoid=17&poid=29657
"Natural Resources and Environmental Science: Emerging Environmental Challenges Concentration, BS",College of Agriculture (Undergraduate),https://catalog.purdue.edu/preview_degree_planner.php?catoid=17&poid=29658
"Natural Resources and Environmental Science: Environmental Policy and Analysis Concentration, BS",College of Agriculture (Undergraduate),https://catalog.purdue.edu/preview_degree_planner.php?catoid=17&poid=29659
"Natural Resources and Environmental Science: Environmental Quality And Restoration Concentration, BS",College of Agriculture (Undergraduate),https://catalog.purdue.edu/preview_degree_planner.php?catoid=17&poid=29661
"Natural Resources and Environmental Science: Sustainability Science Concentration, BS",College of Agriculture (Undergraduate),https://catalog.purdue.edu/preview_degree_planner.php?catoid=17&poid=30982
"Natural Resources and Environmental Science: Watershed Management Concentration, BS",College of Agriculture (Undergraduate),https://catalog.purdue.edu/preview_degree_planner.php?catoid=17&poid=29660
Deans Scholar Certificate,College of Agriculture (Undergraduate),https://catalog.purdue.edu/preview_degree_planner.php?catoid=17&poid=29924
Leadership Development Program Certificate,College of Agriculture (Undergraduate),https://catalog.purdue.edu/preview_degree_planner.php?catoid=17&poid=31940
Data Driven Agriculture Minor,College of Agriculture (Undergraduate),https://catalog.purdue.edu/preview_degree_planner.php?catoid=17&poid=30908
International Studies in Agriculture Minor,College of Agriculture (Undergraduate),https://catalog.purdue.edu/preview_degree_planner.php?catoid=17&poid=29655
Natural Resources and Environmental Science Minor,College of Agriculture (Undergraduate),https://catalog.purdue.edu/preview_degree_planner.php?catoid=17&poid=31874
Plant Studies - Exploratory (Pre),College of Agriculture (Undergraduate),https://catalog.purdue.edu/preview_degree_planner.php?catoid=17&poid=30410
Pre-Veterinary Medicine,College of Agriculture (Undergraduate),https://catalog.purdue.edu/preview_degree_planner.php?catoid=17&poid=30144
"Agricultural Systems Management, BS",College of Agriculture (Undergraduate),https://catalog.purdue.edu/preview_degree_planner.php?catoid=17&poid=29663
"Agricultural Systems Management: AgroSecurity, BS",College of Agriculture (Undergraduate),https://catalog.purdue.edu/preview_degree_planner.php?catoid=17&poid=30418
"Agricultural Systems Management: Data and Information Systems, BS",College of Agriculture (Undergraduate),https://catalog.purdue.edu/preview_degree_planner.php?catoid=17&poid=30406
"Agricultural Systems Management: Leadership and Management, BS",College of Agriculture (Undergraduate),https://catalog.purdue.edu/preview_degree_planner.php?catoid=17&poid=30407
"Agricultural Engineering, BSAGE",College of Agriculture (Undergraduate),https://catalog.purdue.edu/preview_degree_planner.php?catoid=17&poid=29723
"Environmental and Natural Resources Engineering, BSAGE",College of Agriculture (Undergraduate),https://catalog.purdue.edu/preview_degree_planner.php?catoid=17&poid=29724
"Biological Engineering, BSBE",College of Agriculture (Undergraduate),https://catalog.purdue.edu/preview_degree_planner.php?catoid=17&poid=30435
Agricultural Systems Management Minor,College of Agriculture (Undergraduate),https://catalog.purdue.edu/preview_degree_planner.php?catoid=17&poid=29662
Pre-Agricultural and Biological Engineering,College of Agriculture (Undergraduate),https://catalog.purdue.edu/preview_degree_planner.php?catoid=17&poid=30220
"Agribusiness: Agribusiness Management Concentration, BS",College of Agriculture (Undergraduate),https://catalog.purdue.edu/preview_degree_planner.php?catoid=17&poid=29665
"Agribusiness: Agricultural Finance Concentration, BS",College of Agriculture (Undergraduate),https://catalog.purdue.edu/preview_degree_planner.php?catoid=17&poid=29667
"Agribusiness: Agricultural Marketing Concentration, BS",College of Agriculture (Undergraduate),https://catalog.purdue.edu/preview_degree_planner.php?catoid=17&poid=29666
"Agribusiness: Commodity Marketing Concentration, BS",College of Agriculture (Undergraduate),https://catalog.purdue.edu/preview_degree_planner.php?catoid=17&poid=29668
"Agribusiness: Food Marketing Concentration, BS",College of Agriculture (Undergraduate),https://catalog.purdue.edu/preview_degree_planner.php?catoid=17&poid=29669
"Agricultural Economics: Applied Agricultural Economics Concentration, BS",College of Agriculture (Undergraduate),https://catalog.purdue.edu/preview_degree_planner.php?catoid=17&poid=29671
"Agricultural Economics: Data Analytics Concentration, BS",College of Agriculture (Undergraduate),https://catalog.purdue.edu/preview_degree_planner.php?catoid=17&poid=31099
"Agricultural Economics: Policy and Pre-Law Concentration, BS",College of Agriculture (Undergraduate),https://catalog.purdue.edu/preview_degree_planner.php?catoid=17&poid=31100
"Farm Management, BS",College of Agriculture (Undergraduate),https://catalog.purdue.edu/preview_degree_planner.php?catoid=17&poid=29672
"Sales and Marketing, BS",College of Agriculture (Undergraduate),https://catalog.purdue.edu/preview_degree_planner.php?catoid=17&poid=29673
Industrial Selling Certificate,College of Agriculture (Undergraduate),https://catalog.purdue.edu/preview_degree_planner.php?catoid=17&poid=30253
Farm Management Minor,College of Agriculture (Undergraduate),https://catalog.purdue.edu/preview_degree_planner.php?catoid=17&poid=29664
Food and Agribusiness Management Minor,College of Agriculture (Undergraduate),https://catalog.purdue.edu/preview_degree_planner.php?catoid=17&poid=29699
Global Food and Agriculture Systems Minor,College of Agriculture (Undergraduate),https://catalog.purdue.edu/preview_degree_planner.php?catoid=17&poid=30408
"Agricultural Communication, BS",College of Agriculture (Undergraduate),https://catalog.purdue.edu/preview_degree_planner.php?catoid=17&poid=29654
"Agricultural Education, BS",College of Agriculture (Undergraduate),https://catalog.purdue.edu/preview_degree_planner.php?catoid=17&poid=29656
"Agronomy: Agronomic Business and Marketing Concentration, BS",College of Agriculture (Undergraduate),https://catalog.purdue.edu/preview_degree_planner.php?catoid=17&poid=29676
"Agronomy: Crop and Soil Management Concentration, BS",College of Agriculture (Undergraduate),https://catalog.purdue.edu/preview_degree_planner.php?catoid=17&poid=29677
"Agronomy: International Agronomy Concentration, BS",College of Agriculture (Undergraduate),https://catalog.purdue.edu/preview_degree_planner.php?catoid=17&poid=29678
"Applied Meteorology and Climatology, BS",College of Agriculture (Undergraduate),https://catalog.purdue.edu/preview_degree_planner.php?catoid=17&poid=29679
"Crop Science, BS",College of Agriculture (Undergraduate),https://catalog.purdue.edu/preview_degree_planner.php?catoid=17&poid=29680
"Digital Agronomy, BS",College of Agriculture (Undergraduate),https://catalog.purdue.edu/preview_degree_planner.php?catoid=17&poid=31769
"Plant Genetics, Breeding, and Biotechnology, BS",College of Agriculture (Undergraduate),https://catalog.purdue.edu/preview_degree_planner.php?catoid=17&poid=29681
"Soil and Water Sciences, BS",College of Agriculture (Undergraduate),https://catalog.purdue.edu/preview_degree_planner.php?catoid=17&poid=29682
Crop Science Minor,College of Agriculture (Undergraduate),https://catalog.purdue.edu/preview_degree_planner.php?catoid=17&poid=29674
Soil Science Minor,College of Agriculture (Undergraduate),https://catalog.purdue.edu/preview_degree_planner.php?catoid=17&poid=29675
"Animal Sciences: Animal Agribusiness Concentration, BS",College of Agriculture (Undergraduate),https://catalog.purdue.edu/preview_degree_planner.php?catoid=17&poid=29685
"Animal Sciences: Animal Production and Industry Concentration, BS",College of Agriculture (Undergraduate),https://catalog.purdue.edu/preview_degree_planner.php?catoid=17&poid=30984
"Animal Sciences: Behavior/Well-Being Concentration, BS",College of Agriculture (Undergraduate),https://catalog.purdue.edu/preview_degree_planner.php?catoid=17&poid=29686
"Animal Sciences: Biosciences Concentration, BS",College of Agriculture (Undergraduate),https://catalog.purdue.edu/preview_degree_planner.php?catoid=17&poid=29687
"Animal Sciences: Pre-Veterinary Medicine Concentration, BS",College of Agriculture (Undergraduate),https://catalog.purdue.edu/preview_degree_planner.php?catoid=17&poid=29688
Animal Science Minor,College of Agriculture (Undergraduate),https://catalog.purdue.edu/preview_degree_planner.php?catoid=17&poid=29684
"Biochemistry, BS",College of Agriculture (Undergraduate),https://catalog.purdue.edu/preview_degree_planner.php?catoid=17&poid=29692
"Biochemistry: Pre-Med Concentration, BS",College of Agriculture (Undergraduate),https://catalog.purdue.edu/preview_degree_planner.php?catoid=17&poid=29690
"Biochemistry: Pre-Vet Concentration, BS",College of Agriculture (Undergraduate),https://catalog.purdue.edu/preview_degree_planner.php?catoid=17&poid=29691
Biochemistry Minor,College of Agriculture (Undergraduate),https://catalog.purdue.edu/preview_degree_planner.php?catoid=17&poid=29689
Bioinformatics Minor,College of Agriculture (Undergraduate),https://catalog.purdue.edu/preview_degree_planner.php?catoid=17&poid=30912
"Plant Science, BS",College of Agriculture (Undergraduate),https://catalog.purdue.edu/preview_degree_planner.php?catoid=17&poid=29696
Plant Biology Minor,College of Agriculture (Undergraduate),https://catalog.purdue.edu/preview_degree_planner.php?catoid=17&poid=29693
Plant Pathology Minor,College of Agriculture (Undergraduate),https://catalog.purdue.edu/preview_degree_planner.php?catoid=17&poid=29694
Weed Science Minor,College of Agriculture (Undergraduate),https://catalog.purdue.edu/preview_degree_planner.php?catoid=17&poid=29695
"Insect Biology, BS",College of Agriculture (Undergraduate),https://catalog.purdue.edu/preview_degree_planner.php?catoid=17&poid=29698
Forensic Sciences Minor,College of Agriculture (Undergraduate),https://catalog.purdue.edu/preview_degree_planner.php?catoid=17&poid=31871
Insect Biology Minor,College of Agriculture (Undergraduate),https://catalog.purdue.edu/preview_degree_planner.php?catoid=17&poid=31872
"Fermentation Science, BS",College of Agriculture (Undergraduate),https://catalog.purdue.edu/preview_degree_planner.php?catoid=17&poid=31088
"Food Science, BS",College of Agriculture (Undergraduate),https://catalog.purdue.edu/preview_degree_planner.php?catoid=17&poid=29702
Fermentation Sciences Minor,College of Agriculture (Undergraduate),https://catalog.purdue.edu/preview_degree_planner.php?catoid=17&poid=30409
Food Science Minor,College of Agriculture (Undergraduate),https://catalog.purdue.edu/preview_degree_planner.php?catoid=17&poid=29700
Pet Food Processing Minor,College of Agriculture (Undergraduate),https://catalog.purdue.edu/preview_degree_planner.php?catoid=17&poid=29701
"Aquatic Sciences: Fisheries Concentration, BS",College of Agriculture (Undergraduate),https://catalog.purdue.edu/preview_degree_planner.php?catoid=17&poid=30411
"Aquatic Sciences: Marine and Freshwater Biology Concentration, BS",College of Agriculture (Undergraduate),https://catalog.purdue.edu/preview_degree_planner.php?catoid=17&poid=30412
"Wildlife, BS",College of Agriculture (Undergraduate),https://catalog.purdue.edu/preview_degree_planner.php?catoid=17&poid=29709
"Forestry: Forest Management Concentration, BSFOR",College of Agriculture (Undergraduate),https://catalog.purdue.edu/preview_degree_planner.php?catoid=17&poid=30525
"Forestry: Forest Science Concentration, BSFOR",College of Agriculture (Undergraduate),https://catalog.purdue.edu/preview_degree_planner.php?catoid=17&poid=30523
"Forestry: Sustainable Biomaterials Concentration, BSFOR",College of Agriculture (Undergraduate),https://catalog.purdue.edu/preview_degree_planner.php?catoid=17&poid=30524
"Forestry: Urban Forestry, BSFOR",College of Agriculture (Undergraduate),https://catalog.purdue.edu/preview_degree_planner.php?catoid=17&poid=30526
Aquatic Sciences Minor,College of Agriculture (Undergraduate),https://catalog.purdue.edu/preview_degree_planner.php?catoid=17&poid=30904
Digital Natural Resources Minor,College of Agriculture (Undergraduate),https://catalog.purdue.edu/preview_degree_planner.php?catoid=17&poid=31236
Forest Ecosystems Minor,College of Agriculture (Undergraduate),https://catalog.purdue.edu/preview_degree_planner.php?catoid=17&poid=30145
Furniture Design Minor,College of Agriculture (Undergraduate),https://catalog.purdue.edu/preview_degree_planner.php?catoid=17&poid=29703
Urban Forestry Minor,College of Agriculture (Undergraduate),https://catalog.purdue.edu/preview_degree_planner.php?catoid=17&poid=29706
Wildlife Science Minor,College of Agriculture (Undergraduate),https://catalog.purdue.edu/preview_degree_planner.php?catoid=17&poid=29707
Wood Products Manufacturing Technology Minor,College of Agriculture (Undergraduate),https://catalog.purdue.edu/preview_degree_planner.php?catoid=17&poid=29708
"Horticulture: Horticultural Production and Marketing Concentration, BS",College of Agriculture (Undergraduate),https://catalog.purdue.edu/preview_degree_planner.php?catoid=17&poid=29711
"Horticulture: Landscape Contracting and Management Concentration, BS",College of Agriculture (Undergraduate),https://catalog.purdue.edu/preview_degree_planner.php?catoid=17&poid=30427
"Horticulture: Landscape Design Concentration, BS",College of Agriculture (Undergraduate),https://catalog.purdue.edu/preview_degree_planner.php?catoid=17&poid=30413
"Horticulture: Landscape Enterprise Management Concentration, BS",College of Agriculture (Undergraduate),https://catalog.purdue.edu/preview_degree_planner.php?catoid=17&poid=29712
"Horticulture: Plant Science Concentration, BS",College of Agriculture (Undergraduate),https://catalog.purdue.edu/preview_degree_planner.php?catoid=17&poid=29713
"Horticulture: Public Horticulture Concentration, BS",College of Agriculture (Undergraduate),https://catalog.purdue.edu/preview_degree_planner.php?catoid=17&poid=29714
"Sustainable Food and Farming Systems, BS",College of Agriculture (Undergraduate),https://catalog.purdue.edu/preview_degree_planner.php?catoid=17&poid=29716
"Turf Management and Science, BS",College of Agriculture (Undergraduate),https://catalog.purdue.edu/preview_degree_planner.php?catoid=17&poid=29683
"Landscape Architecture, BSLA",College of Agriculture (Undergraduate),https://catalog.purdue.edu/preview_degree_planner.php?catoid=17&poid=29715
Landscape Management and Turf Management Certificate,College of Agriculture (Undergraduate),https://catalog.purdue.edu/preview_degree_planner.php?catoid=17&poid=30252
Horticulture Minor,College of Agriculture (Undergraduate),https://catalog.purdue.edu/preview_degree_planner.php?catoid=17&poid=29710
Landscape and Turf Minor,College of Agriculture (Undergraduate),https://catalog.purdue.edu/preview_degree_planner.php?catoid=17&poid=30167
Landscape Management Minor,College of Agriculture (Undergraduate),https://catalog.purdue.edu/preview_degree_planner.php?catoid=17&poid=31945
Sustainable Food and Farming Systems Minor,College of Agriculture (Undergraduate),https://catalog.purdue.edu/preview_degree_planner.php?catoid=17&poid=30930
Turf Management Minor,College of Agriculture (Undergraduate),https://catalog.purdue.edu/preview_degree_planner.php?catoid=17&poid=30169
Pre-Landscape Architecture,College of Agriculture (Undergraduate),https://catalog.purdue.edu/preview_degree_planner.php?catoid=17&poid=30219
"Accounting, BS",Mitch Daniels School of Business,https://catalog.purdue.edu/preview_degree_planner.php?catoid=17&poid=29759
"Business Analytics & Information Management, BS",Mitch Daniels School of Business,https://catalog.purdue.edu/preview_degree_planner.php?catoid=17&poid=30494
"Economics, BS",Mitch Daniels School of Business,https://catalog.purdue.edu/preview_degree_planner.php?catoid=17&poid=29761
"Finance, BS",Mitch Daniels School of Business,https://catalog.purdue.edu/preview_degree_planner.php?catoid=17&poid=29758
"General Management, BS",Mitch Daniels School of Business,https://catalog.purdue.edu/preview_degree_planner.php?catoid=17&poid=30247
"Integrated Business & Engineering, BS",Mitch Daniels School of Business,https://catalog.purdue.edu/preview_degree_planner.php?catoid=17&poid=30957
"Marketing, BS",Mitch Daniels School of Business,https://catalog.purdue.edu/preview_degree_planner.php?catoid=17&poid=29755
"Quantitative Business Economics, BS",Mitch Daniels School of Business,https://catalog.purdue.edu/preview_degree_planner.php?catoid=17&poid=30140
"Supply Chain & Operations Management, BS",Mitch Daniels School of Business,https://catalog.purdue.edu/preview_degree_planner.php?catoid=17&poid=30956
Accounting Minor,Mitch Daniels School of Business,https://catalog.purdue.edu/preview_degree_planner.php?catoid=17&poid=30907
Behavioral Economics Minor,Mitch Daniels School of Business,https://catalog.purdue.edu/preview_degree_planner.php?catoid=17&poid=31723
Business Economics Minor,Mitch Daniels School of Business,https://catalog.purdue.edu/preview_degree_planner.php?catoid=17&poid=30248
Economics Minor,Mitch Daniels School of Business,https://catalog.purdue.edu/preview_degree_planner.php?catoid=17&poid=29766
Finance Minor,Mitch Daniels School of Business,https://catalog.purdue.edu/preview_degree_planner.php?catoid=17&poid=31252
Human Resource Management Minor,Mitch Daniels School of Business,https://catalog.purdue.edu/preview_degree_planner.php?catoid=17&poid=31875
Management Minor,Mitch Daniels School of Business,https://catalog.purdue.edu/preview_degree_planner.php?catoid=17&poid=29764
Mathematical Economics Minor,Mitch Daniels School of Business,https://catalog.purdue.edu/preview_degree_planner.php?catoid=17&poid=30495
Real Estate Finance Minor,Mitch Daniels School of Business,https://catalog.purdue.edu/preview_degree_planner.php?catoid=17&poid=31156
Real Estate Minor,Mitch Daniels School of Business,https://catalog.purdue.edu/preview_degree_planner.php?catoid=17&poid=31157
Pre-Accounting,Mitch Daniels School of Business,https://catalog.purdue.edu/preview_degree_planner.php?catoid=17&poid=31893
Pre-Business Analytics & Information Management,Mitch Daniels School of Business,https://catalog.purdue.edu/preview_degree_planner.php?catoid=17&poid=31894
Pre-Economics,Mitch Daniels School of Business,https://catalog.purdue.edu/preview_degree_planner.php?catoid=17&poid=31895
Pre-Finance,Mitch Daniels School of Business,https://catalog.purdue.edu/preview_degree_planner.php?catoid=17&poid=31896
Pre-General Management,Mitch Daniels School of Business,https://catalog.purdue.edu/preview_degree_planner.php?catoid=17&poid=31897
Pre-Marketing,Mitch Daniels School of Business,https://catalog.purdue.edu/preview_degree_planner.php?catoid=17&poid=31898
Pre-Quantitative Business Economics,Mitch Daniels School of Business,https://catalog.purdue.edu/preview_degree_planner.php?catoid=17&poid=31851
Pre-Supply Chain & Operations Management,Mitch Daniels School of Business,https://catalog.purdue.edu/preview_degree_planner.php?catoid=17&poid=31899
"Elementary Education, BA",College of Education,https://catalog.purdue.edu/preview_degree_planner.php?catoid=17&poid=30980
"English Education, BA",College of Education,https://catalog.purdue.edu/preview_degree_planner.php?catoid=17&poid=30242
"General Education: Curriculum and Instruction, BA (non-licensure)",College of Education,https://catalog.purdue.edu/preview_degree_planner.php?catoid=17&poid=29719
"Social Studies Education, BA",College of Education,https://catalog.purdue.edu/preview_degree_planner.php?catoid=17&poid=29717
Global Studies Minor,College of Education,https://catalog.purdue.edu/preview_degree_planner.php?catoid=17&poid=31860
"General Education: Educational Studies, BA (non-licensure)",College of Education,https://catalog.purdue.edu/preview_degree_planner.php?catoid=17&poid=29720
"Special Education Mild and Intense Intervention P to 12, BA",College of Education,https://catalog.purdue.edu/preview_degree_planner.php?catoid=17&poid=31854
"Special Education/Elementary Education, BA",College of Education,https://catalog.purdue.edu/preview_degree_planner.php?catoid=17&poid=29721
Collaborative Leadership Certificate,College of Education,https://catalog.purdue.edu/preview_degree_planner.php?catoid=17&poid=29926
Learning Sciences in Educational Studies Minor,College of Education,https://catalog.purdue.edu/preview_degree_planner.php?catoid=17&poid=30171
Global Engineering Studies Minor,College of Engineering,https://catalog.purdue.edu/preview_degree_planner.php?catoid=17&poid=29722
Innovation and Transformational Change Minor,College of Engineering,https://catalog.purdue.edu/preview_degree_planner.php?catoid=17&poid=30336
First-Year Engineering,College of Engineering,https://catalog.purdue.edu/preview_degree_planner.php?catoid=17&poid=30519
"Aeronautical and Astronautical Engineering, BSAAE",College of Engineering,https://catalog.purdue.edu/preview_degree_planner.php?catoid=17&poid=30139
"Biomedical Engineering, BSBME",College of Engineering,https://catalog.purdue.edu/preview_degree_planner.php?catoid=17&poid=29725
"Chemical Engineering, BSCHE",College of Engineering,https://catalog.purdue.edu/preview_degree_planner.php?catoid=17&poid=29726
"Civil Engineering, BSCE",College of Engineering,https://catalog.purdue.edu/preview_degree_planner.php?catoid=17&poid=29728
"Construction Engineering, BSCNE",College of Engineering,https://catalog.purdue.edu/preview_degree_planner.php?catoid=17&poid=29729
Architectural Engineering Minor,College of Engineering,https://catalog.purdue.edu/preview_degree_planner.php?catoid=17&poid=29727
Construction Engineering Minor,College of Engineering,https://catalog.purdue.edu/preview_degree_planner.php?catoid=17&poid=30250
"Computer Engineering, BSCMPE",College of Engineering,https://catalog.purdue.edu/preview_degree_planner.php?catoid=17&poid=31878
"Electrical Engineering, BSEE",College of Engineering,https://catalog.purdue.edu/preview_degree_planner.php?catoid=17&poid=31879
Artificial Intelligence/Machine Learning Minor,College of Engineering,https://catalog.purdue.edu/preview_degree_planner.php?catoid=17&poid=31102
Electrical and Computer Engineering Minor,College of Engineering,https://catalog.purdue.edu/preview_degree_planner.php?catoid=17&poid=29730
Microelectronics and Semiconductors Minor,College of Engineering,https://catalog.purdue.edu/preview_degree_planner.php?catoid=17&poid=31229
"Interdisciplinary Engineering Studies/Engineering Science Studies Concentration, BS",College of Engineering,https://catalog.purdue.edu/preview_degree_planner.php?catoid=17&poid=30926
"Interdisciplinary Engineering Studies/Pre-Med Concentration, BS",College of Engineering,https://catalog.purdue.edu/preview_degree_planner.php?catoid=17&poid=30431
"Multidisciplinary Engineering/Acoustical Engineering Concentration, BSE",College of Engineering,https://catalog.purdue.edu/preview_degree_planner.php?catoid=17&poid=30916
"Multidisciplinary Engineering/Educational Engineering Concentration, BSE",College of Engineering,https://catalog.purdue.edu/preview_degree_planner.php?catoid=17&poid=30917
"Multidisciplinary Engineering/Engineering Management Concentration, BSE",College of Engineering,https://catalog.purdue.edu/preview_degree_planner.php?catoid=17&poid=30918
"Multidisciplinary Engineering/General Engineering Concentration, BSE",College of Engineering,https://catalog.purdue.edu/preview_degree_planner.php?catoid=17&poid=30914
"Multidisciplinary Engineering/Humanitarian Engineering Concentration, BSE",College of Engineering,https://catalog.purdue.edu/preview_degree_planner.php?catoid=17&poid=30919
"Multidisciplinary Engineering/Lighting Concentration, BSE",College of Engineering,https://catalog.purdue.edu/preview_degree_planner.php?catoid=17&poid=30920
"Multidisciplinary Engineering/Nano Engineering, BSE",College of Engineering,https://catalog.purdue.edu/preview_degree_planner.php?catoid=17&poid=30921
"Multidisciplinary Engineering/Theatre Engineering Concentration, BSE",College of Engineering,https://catalog.purdue.edu/preview_degree_planner.php?catoid=17&poid=30922
"Multidisciplinary Engineering/Visual Design Engineering Concentration, BSE",College of Engineering,https://catalog.purdue.edu/preview_degree_planner.php?catoid=17&poid=30923
"Environmental and Ecological Engineering, BSEEE",College of Engineering,https://catalog.purdue.edu/preview_degree_planner.php?catoid=17&poid=29734
Environmental and Ecological Engineering Minor,College of Engineering,https://catalog.purdue.edu/preview_degree_planner.php?catoid=17&poid=31908
"Industrial Engineering, BSIE",College of Engineering,https://catalog.purdue.edu/preview_degree_planner.php?catoid=17&poid=29735
Manufacturing Minor,College of Engineering,https://catalog.purdue.edu/preview_degree_planner.php?catoid=17&poid=29740
"Materials Engineering, BSMSE",College of Engineering,https://catalog.purdue.edu/preview_degree_planner.php?catoid=17&poid=29737
Materials Science and Engineering Minor,College of Engineering,https://catalog.purdue.edu/preview_degree_planner.php?catoid=17&poid=31906
"Mechanical Engineering, BSME",College of Engineering,https://catalog.purdue.edu/preview_degree_planner.php?catoid=17&poid=31997
"Motorsports Engineering, BSMSTE (Indianapolis Only)",College of Engineering,https://catalog.purdue.edu/preview_degree_planner.php?catoid=17&poid=31999
Engineering and Public Policy Minor,College of Engineering,https://catalog.purdue.edu/preview_degree_planner.php?catoid=17&poid=29738
Intellectual Property Law for Engineers Minor,College of Engineering,https://catalog.purdue.edu/preview_degree_planner.php?catoid=17&poid=29739
Sustainable Engineering Minor,College of Engineering,https://catalog.purdue.edu/preview_degree_planner.php?catoid=17&poid=29741
"Nuclear Engineering, BSNE",College of Engineering,https://catalog.purdue.edu/preview_degree_planner.php?catoid=17&poid=29743
Nuclear Engineering Minor,College of Engineering,https://catalog.purdue.edu/preview_degree_planner.php?catoid=17&poid=30143
"Explorers, DS",Exploratory Studies,https://catalog.purdue.edu/preview_degree_planner.php?catoid=17&poid=29923
"Kinesiology, BS",College of Health and Human Sciences,https://catalog.purdue.edu/preview_degree_planner.php?catoid=17&poid=30236
"Biomedical Health Sciences/Interdisciplinary Health Science Concentration, BS",College of Health and Human Sciences,https://catalog.purdue.edu/preview_degree_planner.php?catoid=17&poid=31159
"Biomedical Health Sciences/Pre-Dentistry Concentration, BS",College of Health and Human Sciences,https://catalog.purdue.edu/preview_degree_planner.php?catoid=17&poid=31161
"Biomedical Health Sciences/Pre-Medicine Concentration, BS",College of Health and Human Sciences,https://catalog.purdue.edu/preview_degree_planner.php?catoid=17&poid=31160
"Biomedical Health Sciences/Pre-Optometry Concentration, BS",College of Health and Human Sciences,https://catalog.purdue.edu/preview_degree_planner.php?catoid=17&poid=31162
"Biomedical Health Sciences/Pre-Physician Assistant Concentration, BS",College of Health and Human Sciences,https://catalog.purdue.edu/preview_degree_planner.php?catoid=17&poid=31163
"Medical Laboratory Sciences, BS",College of Health and Human Sciences,https://catalog.purdue.edu/preview_degree_planner.php?catoid=17&poid=29757
"Occupational and Environmental Health Sciences, BS",College of Health and Human Sciences,https://catalog.purdue.edu/preview_degree_planner.php?catoid=17&poid=30905
"Radiological Health Sciences-Health Physics, BS",College of Health and Human Sciences,https://catalog.purdue.edu/preview_degree_planner.php?catoid=17&poid=29763
"Radiological Health Sciences-Pre-Medical Physics, BS",College of Health and Human Sciences,https://catalog.purdue.edu/preview_degree_planner.php?catoid=17&poid=29762
"Radiological Health Sciences/Radiation Health and Safety Concentration, BS",College of Health and Human Sciences,https://catalog.purdue.edu/preview_degree_planner.php?catoid=17&poid=31785
Occupational Health Science Minor,College of Health and Human Sciences,https://catalog.purdue.edu/preview_degree_planner.php?catoid=17&poid=30507
Radiological Health Sciences Minor,College of Health and Human Sciences,https://catalog.purdue.edu/preview_degree_planner.php?catoid=17&poid=31891
"Financial Counseling and Planning, BS",College of Health and Human Sciences,https://catalog.purdue.edu/preview_degree_planner.php?catoid=17&poid=29744
"Hospitality and Tourism Management, BS",College of Health and Human Sciences,https://catalog.purdue.edu/preview_degree_planner.php?catoid=17&poid=29771
"Retail Management, BS",College of Health and Human Sciences,https://catalog.purdue.edu/preview_degree_planner.php?catoid=17&poid=29745
"Selling and Sales Management, BS",College of Health and Human Sciences,https://catalog.purdue.edu/preview_degree_planner.php?catoid=17&poid=29746
Event and Meeting Management Minor,College of Health and Human Sciences,https://catalog.purdue.edu/preview_degree_planner.php?catoid=17&poid=31863
HTM International Studies Minor,College of Health and Human Sciences,https://catalog.purdue.edu/preview_degree_planner.php?catoid=17&poid=31864
"Developmental and Family Science, BS",College of Health and Human Sciences,https://catalog.purdue.edu/preview_degree_planner.php?catoid=17&poid=29773
"Early Childhood Education and Exceptional Needs, BS",College of Health and Human Sciences,https://catalog.purdue.edu/preview_degree_planner.php?catoid=17&poid=29775
"Family and Consumer Sciences Education, BS",College of Health and Human Sciences,https://catalog.purdue.edu/preview_degree_planner.php?catoid=17&poid=29777
"Human Services, BS",College of Health and Human Sciences,https://catalog.purdue.edu/preview_degree_planner.php?catoid=17&poid=31915
Gerontology Certificate,College of Health and Human Sciences,https://catalog.purdue.edu/preview_degree_planner.php?catoid=17&poid=31917
Human Development and Family Science Minor,College of Health and Human Sciences,https://catalog.purdue.edu/preview_degree_planner.php?catoid=17&poid=31865
"Accelerated Nursing, BSN",College of Health and Human Sciences,https://catalog.purdue.edu/preview_degree_planner.php?catoid=17&poid=30235
"Nursing, BSN",College of Health and Human Sciences,https://catalog.purdue.edu/preview_degree_planner.php?catoid=17&poid=29803
"Dietetics/Nutrition, Fitness and Health, BS",College of Health and Human Sciences,https://catalog.purdue.edu/preview_degree_planner.php?catoid=17&poid=29786
"Nutrition and Dietetics, BS",College of Health and Human Sciences,https://catalog.purdue.edu/preview_degree_planner.php?catoid=17&poid=29784
"Nutrition Science, BS",College of Health and Human Sciences,https://catalog.purdue.edu/preview_degree_planner.php?catoid=17&poid=29789
"Nutrition, Fitness, and Health, BS",College of Health and Human Sciences,https://catalog.purdue.edu/preview_degree_planner.php?catoid=17&poid=29790
Foods and Nutrition Minor,College of Health and Human Sciences,https://catalog.purdue.edu/preview_degree_planner.php?catoid=17&poid=29781
Nutrition Minor,College of Health and Human Sciences,https://catalog.purdue.edu/preview_degree_planner.php?catoid=17&poid=31794
"Brain and Behavioral Sciences, BS",College of Health and Human Sciences,https://catalog.purdue.edu/preview_degree_planner.php?catoid=17&poid=29798
"Psychological Sciences, BS",College of Health and Human Sciences,https://catalog.purdue.edu/preview_degree_planner.php?catoid=17&poid=29800
Psychology Minor,College of Health and Human Sciences,https://catalog.purdue.edu/preview_degree_planner.php?catoid=17&poid=31867
"Public Health, BS",College of Health and Human Sciences,https://catalog.purdue.edu/preview_degree_planner.php?catoid=17&poid=31168
"Speech, Language, and Hearing Sciences, BS",College of Health and Human Sciences,https://catalog.purdue.edu/preview_degree_planner.php?catoid=17&poid=29801
"Economics, BA",College of Liberal Arts,https://catalog.purdue.edu/preview_degree_planner.php?catoid=17&poid=29811
Cornerstone Certificate,College of Liberal Arts,https://catalog.purdue.edu/preview_degree_planner.php?catoid=17&poid=30244
Pre-Economics (Liberal Arts),College of Liberal Arts,https://catalog.purdue.edu/preview_degree_planner.php?catoid=17&poid=30432
"Anthropology Honors, BA",College of Liberal Arts,https://catalog.purdue.edu/preview_degree_planner.php?catoid=17&poid=29824
"Anthropology, BA",College of Liberal Arts,https://catalog.purdue.edu/preview_degree_planner.php?catoid=17&poid=29822
"Anthropology, BS",College of Liberal Arts,https://catalog.purdue.edu/preview_degree_planner.php?catoid=17&poid=31726
Science and Technology Studies Certificate,College of Liberal Arts,https://catalog.purdue.edu/preview_degree_planner.php?catoid=17&poid=31855
Anthropology Minor,College of Liberal Arts,https://catalog.purdue.edu/preview_degree_planner.php?catoid=17&poid=29818
"Communication: Business Communication Concentration, BA",College of Liberal Arts,https://catalog.purdue.edu/preview_degree_planner.php?catoid=17&poid=30881
"Communication: Communication of Science and Technology Concentration, BA",College of Liberal Arts,https://catalog.purdue.edu/preview_degree_planner.php?catoid=17&poid=30883
"Communication: General Communication Concentration, BA",College of Liberal Arts,https://catalog.purdue.edu/preview_degree_planner.php?catoid=17&poid=30882
"Communication: Health Communication Concentration, BA",College of Liberal Arts,https://catalog.purdue.edu/preview_degree_planner.php?catoid=17&poid=30884
"Communication: Interpersonal Communication Concentration, BA",College of Liberal Arts,https://catalog.purdue.edu/preview_degree_planner.php?catoid=17&poid=30885
"Communication: Media and Mass Communication Concentration, BA",College of Liberal Arts,https://catalog.purdue.edu/preview_degree_planner.php?catoid=17&poid=30886
"Communication: Political and Civic Communication Concentration, BA",College of Liberal Arts,https://catalog.purdue.edu/preview_degree_planner.php?catoid=17&poid=30887
"Communication: Public Relations and Strategic Communication, BA",College of Liberal Arts,https://catalog.purdue.edu/preview_degree_planner.php?catoid=17&poid=30888
Communication Minor,College of Liberal Arts,https://catalog.purdue.edu/preview_degree_planner.php?catoid=17&poid=29826
Pre-Communication,College of Liberal Arts,https://catalog.purdue.edu/preview_degree_planner.php?catoid=17&poid=31795
"Creative Writing, BA",College of Liberal Arts,https://catalog.purdue.edu/preview_degree_planner.php?catoid=17&poid=29835
"English: English Literature Concentration, BA",College of Liberal Arts,https://catalog.purdue.edu/preview_degree_planner.php?catoid=17&poid=30667
"English: Global Context Concentration, BA",College of Liberal Arts,https://catalog.purdue.edu/preview_degree_planner.php?catoid=17&poid=30575
"Professional Writing, BA",College of Liberal Arts,https://catalog.purdue.edu/preview_degree_planner.php?catoid=17&poid=29836
Creative Writing Minor,College of Liberal Arts,https://catalog.purdue.edu/preview_degree_planner.php?catoid=17&poid=29830
English Minor,College of Liberal Arts,https://catalog.purdue.edu/preview_degree_planner.php?catoid=17&poid=29834
Professional Writing Minor,College of Liberal Arts,https://catalog.purdue.edu/preview_degree_planner.php?catoid=17&poid=30371
"History Honors, BA",College of Liberal Arts,https://catalog.purdue.edu/preview_degree_planner.php?catoid=17&poid=29851
"History, BA",College of Liberal Arts,https://catalog.purdue.edu/preview_degree_planner.php?catoid=17&poid=29848
Medical Humanities Certificate,College of Liberal Arts,https://catalog.purdue.edu/preview_degree_planner.php?catoid=17&poid=30194
History Minor,College of Liberal Arts,https://catalog.purdue.edu/preview_degree_planner.php?catoid=17&poid=29847
"African American Studies, BA",College of Liberal Arts,https://catalog.purdue.edu/preview_degree_planner.php?catoid=17&poid=29917
"American Studies, BA",College of Liberal Arts,https://catalog.purdue.edu/preview_degree_planner.php?catoid=17&poid=29918
"Global Studies, BA",College of Liberal Arts,https://catalog.purdue.edu/preview_degree_planner.php?catoid=17&poid=30166
"Jewish Studies, BA",College of Liberal Arts,https://catalog.purdue.edu/preview_degree_planner.php?catoid=17&poid=29921
"Linguistics, BA",College of Liberal Arts,https://catalog.purdue.edu/preview_degree_planner.php?catoid=17&poid=29922
"Religious Studies, BA",College of Liberal Arts,https://catalog.purdue.edu/preview_degree_planner.php?catoid=17&poid=29902
"Women’s, Gender & Sexuality Studies, BA",College of Liberal Arts,https://catalog.purdue.edu/preview_degree_planner.php?catoid=17&poid=29901
Digital Humanities Certificate,College of Liberal Arts,https://catalog.purdue.edu/preview_degree_planner.php?catoid=17&poid=31057
African American Studies Minor,College of Liberal Arts,https://catalog.purdue.edu/preview_degree_planner.php?catoid=17&poid=29905
American Studies Minor,College of Liberal Arts,https://catalog.purdue.edu/preview_degree_planner.php?catoid=17&poid=29906
Asian American Studies Minor,College of Liberal Arts,https://catalog.purdue.edu/preview_degree_planner.php?catoid=17&poid=29907
Critical Disability Studies Minor,College of Liberal Arts,https://catalog.purdue.edu/preview_degree_planner.php?catoid=17&poid=30196
Global Liberal Arts Studies Minor,College of Liberal Arts,https://catalog.purdue.edu/preview_degree_planner.php?catoid=17&poid=29910
Islamic Studies Minor,College of Liberal Arts,https://catalog.purdue.edu/preview_degree_planner.php?catoid=17&poid=30199
Jewish Studies Minor,College of Liberal Arts,https://catalog.purdue.edu/preview_degree_planner.php?catoid=17&poid=29911
Latin American and Latino Studies Minor,College of Liberal Arts,https://catalog.purdue.edu/preview_degree_planner.php?catoid=17&poid=29887
LGBTQ Studies Minor,College of Liberal Arts,https://catalog.purdue.edu/preview_degree_planner.php?catoid=17&poid=29912
Linguistics Minor,College of Liberal Arts,https://catalog.purdue.edu/preview_degree_planner.php?catoid=17&poid=31857
Native American and Indigenous Studies Minor,College of Liberal Arts,https://catalog.purdue.edu/preview_degree_planner.php?catoid=17&poid=29913
Religious Studies Minor,College of Liberal Arts,https://catalog.purdue.edu/preview_degree_planner.php?catoid=17&poid=29915
"Women’s, Gender, & Sexuality Studies Minor",College of Liberal Arts,https://catalog.purdue.edu/preview_degree_planner.php?catoid=17&poid=29916
"Asian Studies, BA",College of Liberal Arts,https://catalog.purdue.edu/preview_degree_planner.php?catoid=17&poid=29919
"Chinese Studies–Education Track, BA",College of Liberal Arts,https://catalog.purdue.edu/preview_degree_planner.php?catoid=17&poid=31173
"Chinese Studies–Language & Culture Track, BA",College of Liberal Arts,https://catalog.purdue.edu/preview_degree_planner.php?catoid=17&poid=31171
"Classical Studies-Classical Languages Track, BA",College of Liberal Arts,https://catalog.purdue.edu/preview_degree_planner.php?catoid=17&poid=29876
"Classical Studies-Education Track, BA",College of Liberal Arts,https://catalog.purdue.edu/preview_degree_planner.php?catoid=17&poid=31175
"Classical Studies-Literature & Culture Track, BA",College of Liberal Arts,https://catalog.purdue.edu/preview_degree_planner.php?catoid=17&poid=30186
"Classical Studies-Material Culture & History Track, BA",College of Liberal Arts,https://catalog.purdue.edu/preview_degree_planner.php?catoid=17&poid=30185
"Comparative Literature, BA",College of Liberal Arts,https://catalog.purdue.edu/preview_degree_planner.php?catoid=17&poid=29920
"French–Education Track, BA",College of Liberal Arts,https://catalog.purdue.edu/preview_degree_planner.php?catoid=17&poid=31174
"French–Language & Culture Track, BA",College of Liberal Arts,https://catalog.purdue.edu/preview_degree_planner.php?catoid=17&poid=29875
"German–Education Track, BA",College of Liberal Arts,https://catalog.purdue.edu/preview_degree_planner.php?catoid=17&poid=31176
"German–Language & Culture Track, BA",College of Liberal Arts,https://catalog.purdue.edu/preview_degree_planner.php?catoid=17&poid=29874
"Italian Studies, BA",College of Liberal Arts,https://catalog.purdue.edu/preview_degree_planner.php?catoid=17&poid=29873
"Japanese–Education Track, BA",College of Liberal Arts,https://catalog.purdue.edu/preview_degree_planner.php?catoid=17&poid=31177
"Japanese–Language & Culture Track, BA",College of Liberal Arts,https://catalog.purdue.edu/preview_degree_planner.php?catoid=17&poid=29872
"Russian, BA",College of Liberal Arts,https://catalog.purdue.edu/preview_degree_planner.php?catoid=17&poid=29871
"Spanish–Education Track, BA",College of Liberal Arts,https://catalog.purdue.edu/preview_degree_planner.php?catoid=17&poid=29870
"Spanish–Language and Culture Track, BA",College of Liberal Arts,https://catalog.purdue.edu/preview_degree_planner.php?catoid=17&poid=31172
Arabic Language and Culture Minor,College of Liberal Arts,https://catalog.purdue.edu/preview_degree_planner.php?catoid=17&poid=29898
Asian Studies Minor,College of Liberal Arts,https://catalog.purdue.edu/preview_degree_planner.php?catoid=17&poid=29908
ASL and Deaf Studies Minor,College of Liberal Arts,https://catalog.purdue.edu/preview_degree_planner.php?catoid=17&poid=30964
Business French Minor,College of Liberal Arts,https://catalog.purdue.edu/preview_degree_planner.php?catoid=17&poid=30195
Chinese Minor,College of Liberal Arts,https://catalog.purdue.edu/preview_degree_planner.php?catoid=17&poid=29909
Classical Studies Minor,College of Liberal Arts,https://catalog.purdue.edu/preview_degree_planner.php?catoid=17&poid=29893
French Cultural Studies Minor,College of Liberal Arts,https://catalog.purdue.edu/preview_degree_planner.php?catoid=17&poid=30241
French Minor,College of Liberal Arts,https://catalog.purdue.edu/preview_degree_planner.php?catoid=17&poid=31866
German Minor,College of Liberal Arts,https://catalog.purdue.edu/preview_degree_planner.php?catoid=17&poid=29890
Italian Minor,College of Liberal Arts,https://catalog.purdue.edu/preview_degree_planner.php?catoid=17&poid=29889
Japanese Minor,College of Liberal Arts,https://catalog.purdue.edu/preview_degree_planner.php?catoid=17&poid=29888
Korean Studies Minor,College of Liberal Arts,https://catalog.purdue.edu/preview_degree_planner.php?catoid=17&poid=31876
Portuguese Minor,College of Liberal Arts,https://catalog.purdue.edu/preview_degree_planner.php?catoid=17&poid=29883
Russian Minor,College of Liberal Arts,https://catalog.purdue.edu/preview_degree_planner.php?catoid=17&poid=29881
Spanish for the Professions Minor,College of Liberal Arts,https://catalog.purdue.edu/preview_degree_planner.php?catoid=17&poid=30240
Spanish Minor,College of Liberal Arts,https://catalog.purdue.edu/preview_degree_planner.php?catoid=17&poid=29877
"Artificial Intelligence, BA",College of Liberal Arts,https://catalog.purdue.edu/preview_degree_planner.php?catoid=17&poid=31158
"Philosophy, BA",College of Liberal Arts,https://catalog.purdue.edu/preview_degree_planner.php?catoid=17&poid=29859
Human Rights Studies Minor,College of Liberal Arts,https://catalog.purdue.edu/preview_degree_planner.php?catoid=17&poid=30197
Philosophy Minor,College of Liberal Arts,https://catalog.purdue.edu/preview_degree_planner.php?catoid=17&poid=29854
"Political Science, BA",College of Liberal Arts,https://catalog.purdue.edu/preview_degree_planner.php?catoid=17&poid=29862
Environmental and Sustainability Studies Certificate,College of Liberal Arts,https://catalog.purdue.edu/preview_degree_planner.php?catoid=17&poid=30243
Public Policy Certificate,College of Liberal Arts,https://catalog.purdue.edu/preview_degree_planner.php?catoid=17&poid=31911
Environmental Politics and Policy Minor,College of Liberal Arts,https://catalog.purdue.edu/preview_degree_planner.php?catoid=17&poid=29860
Political Science Minor,College of Liberal Arts,https://catalog.purdue.edu/preview_degree_planner.php?catoid=17&poid=29861
"Digital Criminology, BA",College of Liberal Arts,https://catalog.purdue.edu/preview_degree_planner.php?catoid=17&poid=30903
"Law and Society, BA",College of Liberal Arts,https://catalog.purdue.edu/preview_degree_planner.php?catoid=17&poid=29865
"Sociology, BA",College of Liberal Arts,https://catalog.purdue.edu/preview_degree_planner.php?catoid=17&poid=31790
"Digital Criminology, BS",College of Liberal Arts,https://catalog.purdue.edu/preview_degree_planner.php?catoid=17&poid=31340
Law and Society Minor,College of Liberal Arts,https://catalog.purdue.edu/preview_degree_planner.php?catoid=17&poid=29863
Sociology Minor,College of Liberal Arts,https://catalog.purdue.edu/preview_degree_planner.php?catoid=17&poid=29864
"Art History, BA",College of Liberal Arts,https://catalog.purdue.edu/preview_degree_planner.php?catoid=17&poid=29892
"Design Studies, BA",College of Liberal Arts,https://catalog.purdue.edu/preview_degree_planner.php?catoid=17&poid=31972
"Film & Video, BA",College of Liberal Arts,https://catalog.purdue.edu/preview_degree_planner.php?catoid=17&poid=31953
"Interdisciplinary Performance, BA",College of Liberal Arts,https://catalog.purdue.edu/preview_degree_planner.php?catoid=17&poid=31852
"Music: General Music Studies Concentration, BA",College of Liberal Arts,https://catalog.purdue.edu/preview_degree_planner.php?catoid=17&poid=31304
"Music: Jazz Studies Concentration, BA",College of Liberal Arts,https://catalog.purdue.edu/preview_degree_planner.php?catoid=17&poid=32003
"Music: Music Technology Concentration, BA",College of Liberal Arts,https://catalog.purdue.edu/preview_degree_planner.php?catoid=17&poid=31303
"Music: Music Theory & Composition Concentration, BA",College of Liberal Arts,https://catalog.purdue.edu/preview_degree_planner.php?catoid=17&poid=32004
"Sound for the Performing Arts, BA",College of Liberal Arts,https://catalog.purdue.edu/preview_degree_planner.php?catoid=17&poid=29897
"Studio Arts and Technology, BA",College of Liberal Arts,https://catalog.purdue.edu/preview_degree_planner.php?catoid=17&poid=29899
"Theatre, BA",College of Liberal Arts,https://catalog.purdue.edu/preview_degree_planner.php?catoid=17&poid=29900
"Visual Arts Design Education, BA",College of Liberal Arts,https://catalog.purdue.edu/preview_degree_planner.php?catoid=17&poid=30436
"Visual Arts Education, BA",College of Liberal Arts,https://catalog.purdue.edu/preview_degree_planner.php?catoid=17&poid=29903
"Industrial Design Professional Program, BFA",College of Liberal Arts,https://catalog.purdue.edu/preview_degree_planner.php?catoid=17&poid=29895
"Integrated Studio Arts, BFA",College of Liberal Arts,https://catalog.purdue.edu/preview_degree_planner.php?catoid=17&poid=29894
"Interior Design Professional Program, BFA",College of Liberal Arts,https://catalog.purdue.edu/preview_degree_planner.php?catoid=17&poid=29896
"Visual Communication Design, BFA",College of Liberal Arts,https://catalog.purdue.edu/preview_degree_planner.php?catoid=17&poid=29904
Acting: Communication through Performance Certificate,College of Liberal Arts,https://catalog.purdue.edu/preview_degree_planner.php?catoid=17&poid=30159
Music Technology Certificate,College of Liberal Arts,https://catalog.purdue.edu/preview_degree_planner.php?catoid=17&poid=30497
Sports Studies and Production Certificate,College of Liberal Arts,https://catalog.purdue.edu/preview_degree_planner.php?catoid=17&poid=31888
Theatre Lighting Certificate,College of Liberal Arts,https://catalog.purdue.edu/preview_degree_planner.php?catoid=17&poid=30158
Art and Design Studio Minor,College of Liberal Arts,https://catalog.purdue.edu/preview_degree_planner.php?catoid=17&poid=29878
Art History Minor,College of Liberal Arts,https://catalog.purdue.edu/preview_degree_planner.php?catoid=17&poid=29879
Dance Minor,College of Liberal Arts,https://catalog.purdue.edu/preview_degree_planner.php?catoid=17&poid=29880
Electronic and Time-Based Art Minor,College of Liberal Arts,https://catalog.purdue.edu/preview_degree_planner.php?catoid=17&poid=29882
Film & Video Studies Minor,College of Liberal Arts,https://catalog.purdue.edu/preview_degree_planner.php?catoid=17&poid=31889
Music History and Theory Minor,College of Liberal Arts,https://catalog.purdue.edu/preview_degree_planner.php?catoid=17&poid=29884
Theatre Design and Production Minor,College of Liberal Arts,https://catalog.purdue.edu/preview_degree_planner.php?catoid=17&poid=29885
Theatre Minor,College of Liberal Arts,https://catalog.purdue.edu/preview_degree_planner.php?catoid=17&poid=29886
Information Studies Minor,Libraries and School of Information Studies,https://catalog.purdue.edu/preview_degree_planner.php?catoid=17&poid=31887
"Pharmaceutical Sciences, BS",College of Pharmacy,https://catalog.purdue.edu/preview_degree_planner.php?catoid=17&poid=29868
"Aeronautical Technology, BS (Indianapolis International Airport Statewide)",Polytechnic Institute,https://catalog.purdue.edu/preview_degree_planner.php?catoid=17&poid=30573
"Multidisciplinary Technology, BS (Statewide)",Polytechnic Institute,https://catalog.purdue.edu/preview_degree_planner.php?catoid=17&poid=30572
Advanced Global Technology Minor,Polytechnic Institute,https://catalog.purdue.edu/preview_degree_planner.php?catoid=17&poid=30521
"Aeronautical Engineering Technology, BS",Polytechnic Institute,https://catalog.purdue.edu/preview_degree_planner.php?catoid=17&poid=29788
"Aerospace Financial Analysis, BS",Polytechnic Institute,https://catalog.purdue.edu/preview_degree_planner.php?catoid=17&poid=30152
"Airline Management and Operations, BS",Polytechnic Institute,https://catalog.purdue.edu/preview_degree_planner.php?catoid=17&poid=30149
"Airport Management and Operations, BS",Polytechnic Institute,https://catalog.purdue.edu/preview_degree_planner.php?catoid=17&poid=30150
"Aviation Management, BS",Polytechnic Institute,https://catalog.purdue.edu/preview_degree_planner.php?catoid=17&poid=29787
"Professional Flight Technology, BS",Polytechnic Institute,https://catalog.purdue.edu/preview_degree_planner.php?catoid=17&poid=29785
"Unmanned Aerial Systems, BS",Polytechnic Institute,https://catalog.purdue.edu/preview_degree_planner.php?catoid=17&poid=30151
Unmanned Aerial Systems Minor,Polytechnic Institute,https://catalog.purdue.edu/preview_degree_planner.php?catoid=17&poid=31873
"Building Information Modeling, BS",Polytechnic Institute,https://catalog.purdue.edu/preview_degree_planner.php?catoid=17&poid=30160
"Construction Management, BS",Polytechnic Institute,https://catalog.purdue.edu/preview_degree_planner.php?catoid=17&poid=31980
"Design and Construction Integration, BS",Polytechnic Institute,https://catalog.purdue.edu/preview_degree_planner.php?catoid=17&poid=30856
"Interior Architecture, BS (Indianapolis Only)",Polytechnic Institute,https://catalog.purdue.edu/preview_degree_planner.php?catoid=17&poid=31976
Construction Graphics Minor,Polytechnic Institute,https://catalog.purdue.edu/preview_degree_planner.php?catoid=17&poid=29795
Construction Management Minor,Polytechnic Institute,https://catalog.purdue.edu/preview_degree_planner.php?catoid=17&poid=30254
Design and Construction Integration Minor,Polytechnic Institute,https://catalog.purdue.edu/preview_degree_planner.php?catoid=17&poid=31193
"Computer and Information Technology, BS",Polytechnic Institute,https://catalog.purdue.edu/preview_degree_planner.php?catoid=17&poid=29780
"Computing Infrastructure and Network Engineering Technology, BS",Polytechnic Institute,https://catalog.purdue.edu/preview_degree_planner.php?catoid=17&poid=30255
"Computing Systems Analysis & Design, BS",Polytechnic Institute,https://catalog.purdue.edu/preview_degree_planner.php?catoid=17&poid=31322
"Cybersecurity, BS",Polytechnic Institute,https://catalog.purdue.edu/preview_degree_planner.php?catoid=17&poid=31984
"Data Analytics, Technologies, and Applications, BS",Polytechnic Institute,https://catalog.purdue.edu/preview_degree_planner.php?catoid=17&poid=31046
Computer and Information Technology Minor,Polytechnic Institute,https://catalog.purdue.edu/preview_degree_planner.php?catoid=17&poid=29796
"Animation And Visual Effects, BS",Polytechnic Institute,https://catalog.purdue.edu/preview_degree_planner.php?catoid=17&poid=31127
"Data Visualization, BS",Polytechnic Institute,https://catalog.purdue.edu/preview_degree_planner.php?catoid=17&poid=30228
"Game Development, BS",Polytechnic Institute,https://catalog.purdue.edu/preview_degree_planner.php?catoid=17&poid=31128
"Themed Entertainment Design, BS (Indianapolis only)",Polytechnic Institute,https://catalog.purdue.edu/preview_degree_planner.php?catoid=17&poid=32002
"UX Design, BS",Polytechnic Institute,https://catalog.purdue.edu/preview_degree_planner.php?catoid=17&poid=30156
"Web Programming & Design, BS",Polytechnic Institute,https://catalog.purdue.edu/preview_degree_planner.php?catoid=17&poid=30147
"Mechanical Engineering Technology, AS (Statewide Locations Only)",Polytechnic Institute,https://catalog.purdue.edu/preview_degree_planner.php?catoid=17&poid=30533
"Audio Engineering Technology, BS",Polytechnic Institute,https://catalog.purdue.edu/preview_degree_planner.php?catoid=17&poid=30148
"Automation and Systems Integration Engineering Technology, BS",Polytechnic Institute,https://catalog.purdue.edu/preview_degree_planner.php?catoid=17&poid=30259
"Computer Engineering Technology, BS",Polytechnic Institute,https://catalog.purdue.edu/preview_degree_planner.php?catoid=17&poid=31982
"Digital Enterprise Systems, BS",Polytechnic Institute,https://catalog.purdue.edu/preview_degree_planner.php?catoid=17&poid=31129
"Electrical Engineering Technology, BS",Polytechnic Institute,https://catalog.purdue.edu/preview_degree_planner.php?catoid=17&poid=31985
"Energy Engineering Technology, BS",Polytechnic Institute,https://catalog.purdue.edu/preview_degree_planner.php?catoid=17&poid=30517
"Engineering Technology, BS (Statewide Locations Only)",Polytechnic Institute,https://catalog.purdue.edu/preview_degree_planner.php?catoid=17&poid=30535
"Industrial Engineering Technology, BS",Polytechnic Institute,https://catalog.purdue.edu/preview_degree_planner.php?catoid=17&poid=30542
"Mechanical Engineering Technology, BS",Polytechnic Institute,https://catalog.purdue.edu/preview_degree_planner.php?catoid=17&poid=29776
"Mechatronics Engineering Technology, BS",Polytechnic Institute,https://catalog.purdue.edu/preview_degree_planner.php?catoid=17&poid=30260
"Robotics Engineering Technology, BS",Polytechnic Institute,https://catalog.purdue.edu/preview_degree_planner.php?catoid=17&poid=30258
"Smart Manufacturing Industrial Informatics, BS",Polytechnic Institute,https://catalog.purdue.edu/preview_degree_planner.php?catoid=17&poid=30983
"Supply Chain & Sales Engineering Technology, BS",Polytechnic Institute,https://catalog.purdue.edu/preview_degree_planner.php?catoid=17&poid=30528
Industrial Engineering Technology Certificate,Polytechnic Institute,https://catalog.purdue.edu/preview_degree_planner.php?catoid=17&poid=30505
Electrical Engineering Technology Minor,Polytechnic Institute,https://catalog.purdue.edu/preview_degree_planner.php?catoid=17&poid=30163
Product Lifecycle Management Minor,Polytechnic Institute,https://catalog.purdue.edu/preview_degree_planner.php?catoid=17&poid=29793
Smart Manufacturing Enterprise Minor,Polytechnic Institute,https://catalog.purdue.edu/preview_degree_planner.php?catoid=17&poid=30518
Supply Chain Engineering Technology Minor,Polytechnic Institute,https://catalog.purdue.edu/preview_degree_planner.php?catoid=17&poid=29791
Aerospace Studies Minor,Polytechnic Institute,https://catalog.purdue.edu/preview_degree_planner.php?catoid=17&poid=29805
Military Science and Leadership Minor,Polytechnic Institute,https://catalog.purdue.edu/preview_degree_planner.php?catoid=17&poid=29809
Naval Science Minor,Polytechnic Institute,https://catalog.purdue.edu/preview_degree_planner.php?catoid=17&poid=29810
"Engineering Technology Education, BS",Polytechnic Institute,https://catalog.purdue.edu/preview_degree_planner.php?catoid=17&poid=29774
"Human Resource Development, BS",Polytechnic Institute,https://catalog.purdue.edu/preview_degree_planner.php?catoid=17&poid=30257
"Organizational Leadership, BS",Polytechnic Institute,https://catalog.purdue.edu/preview_degree_planner.php?catoid=17&poid=29769
Human Resource Management Certificate (Purdue in Indianapolis and Statewide Only),Polytechnic Institute,https://catalog.purdue.edu/preview_degree_planner.php?catoid=17&poid=30931
Leadership Series Certificate (Purdue in Indianapolis and Statewide Only),Polytechnic Institute,https://catalog.purdue.edu/preview_degree_planner.php?catoid=17&poid=30932
Teaching Secondary Education Computational Thinking Certificate,Polytechnic Institute,https://catalog.purdue.edu/preview_degree_planner.php?catoid=17&poid=30909
Design and Innovation Minor,Polytechnic Institute,https://catalog.purdue.edu/preview_degree_planner.php?catoid=17&poid=30325
Organizational Leadership Minor,Polytechnic Institute,https://catalog.purdue.edu/preview_degree_planner.php?catoid=17&poid=31862
"Interdisciplinary Science, BS (Biology)",College of Science,https://catalog.purdue.edu/preview_degree_planner.php?catoid=17&poid=30187
"Interdisciplinary Science, BS (Chemistry)",College of Science,https://catalog.purdue.edu/preview_degree_planner.php?catoid=17&poid=30189
"Interdisciplinary Science, BS (Computer Science)",College of Science,https://catalog.purdue.edu/preview_degree_planner.php?catoid=17&poid=30183
"Interdisciplinary Science, BS (Earth, Atmospheric, and Planetary Sciences)",College of Science,https://catalog.purdue.edu/preview_degree_planner.php?catoid=17&poid=30182
"Interdisciplinary Science, BS (Mathematics)",College of Science,https://catalog.purdue.edu/preview_degree_planner.php?catoid=17&poid=30188
"Interdisciplinary Science, BS (Physics)",College of Science,https://catalog.purdue.edu/preview_degree_planner.php?catoid=17&poid=30190
"Interdisciplinary Science, BS (Statistics)",College of Science,https://catalog.purdue.edu/preview_degree_planner.php?catoid=17&poid=30184
"Science Education - Biology Concentration, BS",College of Science,https://catalog.purdue.edu/preview_degree_planner.php?catoid=17&poid=30201
"Science Education - Chemistry Concentration, BS",College of Science,https://catalog.purdue.edu/preview_degree_planner.php?catoid=17&poid=30200
"Science Education - Earth Space Science Concentration, BS",College of Science,https://catalog.purdue.edu/preview_degree_planner.php?catoid=17&poid=30198
"Science Education - Physics Concentration, BS",College of Science,https://catalog.purdue.edu/preview_degree_planner.php?catoid=17&poid=30181
Applications in Data Science Certificate,College of Science,https://catalog.purdue.edu/preview_degree_planner.php?catoid=17&poid=30574
Learning Beyond the Classroom Certificate,College of Science,https://catalog.purdue.edu/preview_degree_planner.php?catoid=17&poid=31907
"Biology, BS",College of Science,https://catalog.purdue.edu/preview_degree_planner.php?catoid=17&poid=29849
"Cell, Molecular, and Developmental Biology, BS",College of Science,https://catalog.purdue.edu/preview_degree_planner.php?catoid=17&poid=29846
"Chemical Biology & Biochemistry, BS",College of Science,https://catalog.purdue.edu/preview_degree_planner.php?catoid=17&poid=29850
"Ecology, Evolution, and Environmental Biology, BS",College of Science,https://catalog.purdue.edu/preview_degree_planner.php?catoid=17&poid=29845
"Genetics, BS",College of Science,https://catalog.purdue.edu/preview_degree_planner.php?catoid=17&poid=29844
"Health and Disease, BS",College of Science,https://catalog.purdue.edu/preview_degree_planner.php?catoid=17&poid=29843
"Microbiology, BS",College of Science,https://catalog.purdue.edu/preview_degree_planner.php?catoid=17&poid=29841
"Neurobiology and Physiology, BS",College of Science,https://catalog.purdue.edu/preview_degree_planner.php?catoid=17&poid=29840
Biological Sciences Minor,College of Science,https://catalog.purdue.edu/preview_degree_planner.php?catoid=17&poid=29867
"Chemistry, BS",College of Science,https://catalog.purdue.edu/preview_degree_planner.php?catoid=17&poid=29837
"Biochemistry (Chemistry), BSCH",College of Science,https://catalog.purdue.edu/preview_degree_planner.php?catoid=17&poid=29839
"Chemistry (ACS), BSCH",College of Science,https://catalog.purdue.edu/preview_degree_planner.php?catoid=17&poid=29838
Chemistry Minor,College of Science,https://catalog.purdue.edu/preview_degree_planner.php?catoid=17&poid=29858
"Artificial Intelligence, BS",College of Science,https://catalog.purdue.edu/preview_degree_planner.php?catoid=17&poid=31951
"Computer Science Honors: Algorithmic Foundations, BS",College of Science,https://catalog.purdue.edu/preview_degree_planner.php?catoid=17&poid=31086
"Computer Science Honors: Computational Science and Engineering, BS",College of Science,https://catalog.purdue.edu/preview_degree_planner.php?catoid=17&poid=31079
"Computer Science Honors: Computer Graphics and Visualization, BS",College of Science,https://catalog.purdue.edu/preview_degree_planner.php?catoid=17&poid=31080
"Computer Science Honors: Database and Information Systems, BS",College of Science,https://catalog.purdue.edu/preview_degree_planner.php?catoid=17&poid=29833
"Computer Science Honors: Machine Intelligence, BS",College of Science,https://catalog.purdue.edu/preview_degree_planner.php?catoid=17&poid=31993
"Computer Science Honors: Programming Language, BS",College of Science,https://catalog.purdue.edu/preview_degree_planner.php?catoid=17&poid=31082
"Computer Science Honors: Security, BS",College of Science,https://catalog.purdue.edu/preview_degree_planner.php?catoid=17&poid=31083
"Computer Science Honors: Software Engineering, BS",College of Science,https://catalog.purdue.edu/preview_degree_planner.php?catoid=17&poid=31084
"Computer Science Honors: Software Engineering, BS (West Lafayette & Indianapolis)",College of Science,https://catalog.purdue.edu/preview_degree_planner.php?catoid=17&poid=31994
"Computer Science Honors: Systems Software, BS",College of Science,https://catalog.purdue.edu/preview_degree_planner.php?catoid=17&poid=31085
"Computer Science: Algorithmic Foundations, BS",College of Science,https://catalog.purdue.edu/preview_degree_planner.php?catoid=17&poid=31070
"Computer Science: Computational Science And Engineering, BS",College of Science,https://catalog.purdue.edu/preview_degree_planner.php?catoid=17&poid=31071
"Computer Science: Computer Graphics and Visualization, BS",College of Science,https://catalog.purdue.edu/preview_degree_planner.php?catoid=17&poid=31072
"Computer Science: Database and Information Systems, BS",College of Science,https://catalog.purdue.edu/preview_degree_planner.php?catoid=17&poid=31073
"Computer Science: Machine Intelligence, BS",College of Science,https://catalog.purdue.edu/preview_degree_planner.php?catoid=17&poid=31991
"Computer Science: Programming Languages, BS",College of Science,https://catalog.purdue.edu/preview_degree_planner.php?catoid=17&poid=31075
"Computer Science: Security, BS",College of Science,https://catalog.purdue.edu/preview_degree_planner.php?catoid=17&poid=31076
"Computer Science: Software Engineering, BS",College of Science,https://catalog.purdue.edu/preview_degree_planner.php?catoid=17&poid=31992
"Computer Science: Systems Software, BS",College of Science,https://catalog.purdue.edu/preview_degree_planner.php?catoid=17&poid=31078
"Data Science, BS (CS)",College of Science,https://catalog.purdue.edu/preview_degree_planner.php?catoid=17&poid=31952
Computer Science Minor,College of Science,https://catalog.purdue.edu/preview_degree_planner.php?catoid=17&poid=29857
Data Science First Year (CS),College of Science,https://catalog.purdue.edu/preview_degree_planner.php?catoid=17&poid=30270
"Atmospheric Science, BS",College of Science,https://catalog.purdue.edu/preview_degree_planner.php?catoid=17&poid=29831
"Environmental Geoscience, BS",College of Science,https://catalog.purdue.edu/preview_degree_planner.php?catoid=17&poid=29829
"Geology and Geophysics, BS",College of Science,https://catalog.purdue.edu/preview_degree_planner.php?catoid=17&poid=29828
"Planetary Sciences, BS",College of Science,https://catalog.purdue.edu/preview_degree_planner.php?catoid=17&poid=29827
Atmospheric Science Minor,College of Science,https://catalog.purdue.edu/preview_degree_planner.php?catoid=17&poid=31749
Earth and Planetary Sciences Minor,College of Science,https://catalog.purdue.edu/preview_degree_planner.php?catoid=17&poid=31839
"Actuarial Science Honors, BS",College of Science,https://catalog.purdue.edu/preview_degree_planner.php?catoid=17&poid=29825
"Actuarial Science, BS",College of Science,https://catalog.purdue.edu/preview_degree_planner.php?catoid=17&poid=29823
"Applied Mathematics, BS",College of Science,https://catalog.purdue.edu/preview_degree_planner.php?catoid=17&poid=29821
"Data Science, BS (Mathematics)",College of Science,https://catalog.purdue.edu/preview_degree_planner.php?catoid=17&poid=30985
"Mathematics Education, BS",College of Science,https://catalog.purdue.edu/preview_degree_planner.php?catoid=17&poid=29817
"Mathematics Honors, BS",College of Science,https://catalog.purdue.edu/preview_degree_planner.php?catoid=17&poid=29816
"Mathematics, BS",College of Science,https://catalog.purdue.edu/preview_degree_planner.php?catoid=17&poid=29819
"Mathematics/Business, BS",College of Science,https://catalog.purdue.edu/preview_degree_planner.php?catoid=17&poid=29820
"Mathematics/Computer Science, BS",College of Science,https://catalog.purdue.edu/preview_degree_planner.php?catoid=17&poid=29815
"Mathematics/Statistics, BS",College of Science,https://catalog.purdue.edu/preview_degree_planner.php?catoid=17&poid=29814
Mathematics Minor,College of Science,https://catalog.purdue.edu/preview_degree_planner.php?catoid=17&poid=29855
Data Science First Year (Math),College of Science,https://catalog.purdue.edu/preview_degree_planner.php?catoid=17&poid=31025
"Applied Physics Honors, BS",College of Science,https://catalog.purdue.edu/preview_degree_planner.php?catoid=17&poid=29813
"Applied Physics, BS",College of Science,https://catalog.purdue.edu/preview_degree_planner.php?catoid=17&poid=29812
"Physics Honors, BS",College of Science,https://catalog.purdue.edu/preview_degree_planner.php?catoid=17&poid=29808
"Physics, BS",College of Science,https://catalog.purdue.edu/preview_degree_planner.php?catoid=17&poid=29806
Astronomy Minor,College of Science,https://catalog.purdue.edu/preview_degree_planner.php?catoid=17&poid=29866
Physics Minor,College of Science,https://catalog.purdue.edu/preview_degree_planner.php?catoid=17&poid=31861
"Applied Statistics, BS",College of Science,https://catalog.purdue.edu/preview_degree_planner.php?catoid=17&poid=29804
"Data Science, BS (Statistics)",College of Science,https://catalog.purdue.edu/preview_degree_planner.php?catoid=17&poid=30246
"Statistics - Math Emphasis, BS",College of Science,https://catalog.purdue.edu/preview_degree_planner.php?catoid=17&poid=29802
"Statistics Honors, BS",College of Science,https://catalog.purdue.edu/preview_degree_planner.php?catoid=17&poid=29799
Statistics Minor,College of Science,https://catalog.purdue.edu/preview_degree_planner.php?catoid=17&poid=29852
Data Science First Year (Statistics),College of Science,https://catalog.purdue.edu/preview_degree_planner.php?catoid=17&poid=30271
"Veterinary Nursing Distance Learning, AAS",College of Veterinary Medicine,https://catalog.purdue.edu/preview_degree_planner.php?catoid=17&poid=31097
"Veterinary Nursing, AAS",College of Veterinary Medicine,https://catalog.purdue.edu/preview_degree_planner.php?catoid=17&poid=31098
"Veterinary Nursing Completion, BSVN",College of Veterinary Medicine,https://catalog.purdue.edu/preview_degree_planner.php?catoid=17&poid=31096
"Veterinary Nursing, BSVN",College of Veterinary Medicine,https://catalog.purdue.edu/preview_degree_planner.php?catoid=17&poid=29767
Entrepreneurship and Innovation Certificate,Office of the Provost,https://catalog.purdue.edu/preview_degree_planner.php?catoid=17&poid=29928
Quantum Information Science and Technology Certificate,Office of the Provost,https://catalog.purdue.edu/preview_degree_planner.php?catoid=17&poid=31969
Systems Certificate,Office of the Provost,https://catalog.purdue.edu/preview_degree_planner.php?catoid=17&poid=30443
Extensive Industry Co-op Certificate,Office of the Provost,https://catalog.purdue.edu/preview_degree_planner.php?catoid=17&poid=30477
Industry Co-op Certificate,Office of the Provost,https://catalog.purdue.edu/preview_degree_planner.php?catoid=17&poid=30478
Learning While Working Certificate,Office of the Provost,https://catalog.purdue.edu/preview_degree_planner.php?catoid=17&poid=31949
Pharmaceutical Manufacturing Certificate,Office of the Provost,https://catalog.purdue.edu/preview_degree_planner.php?catoid=17&poid=31334
Semiconductors and Microelectronics Certificate,Office of the Provost,https://catalog.purdue.edu/preview_degree_planner.php?catoid=17&poid=31335
